Name,Devanagari,Sandhi,English,Etymology,YogaSeries,Before,After,Ashtanga,Yin,Baptiste,SeriesHot,Categories,Open,OpenAsana,Stable,StableAsana,Preparation,Counterposes
Ardha Matsyendrasana,अर्ध मत्स्येन्द्रासन​,Ardha Matsyendrāsana,Half Lord of the Fishes Pose,Ardha = half; Matsyendra = lord of the fishes,nāḍī śodhana,Bharadvājāsana,Ardha Matsyendrāsana,x,,,,6,"Hip extensors, external rotators of the leg, obliques, back extensors, chest, internal rotators of the arm, neck rotators.","[[Baddhakoṇāsana B]], [[Mṛgāsana]], Eka Pada Raj Koundinyasana Prep, [[Jānuśīrṣāsana A]], [[Marīchyāsana C]], [[Padmāsana]], [[Parivṛttatrikoṇāsana]], [[Parivṛttotkaṭāsana]], [[Supta Matsyendrāsana]], [[Vīrabhadrāsana A]].","Hip flexors, hip adductors, obliques, knee flexors, shoulder retractors and protractors.","[[Adhomukhaśvānāsana]], [[Baddhakoṇāsana B]], [[Bālāsana]], [[Garuḍāsana]], [[Gomukhāsana B]], [[Supta Matsyendrāsana]], [[Marīchyāsana A]] and C, [[Padmāsana]], [[Parivṛttapārśvakoṇāsana]], [[Parivṛttatrikoṇāsana]], [[Prasāritapādottānāsana A]].","Deeper twists, [[Pārśvabakāsana]], [[Kouṇḍinyāsana A]], [[Kouṇḍinyāsana A]], [[Aṣṭavakrāsana]].","[[Apānāsana]], [[Ānandabālāsana]], [[Daṇḍāsana]], [[Paścimottānāsana A]], [[Jānuśīrṣāsana A]]."
Baddha Hasta Sirsasana A,बद्धहस्तशीर्षासन A,Baddhahastaśīrṣāsana A,Bound Hand Headstand A,Baddha = bound; Hasta = hand; Śīrṣa = head,nāḍī śodhana,Muktahastaśīrṣāsana C,Baddhahastaśīrṣāsana A,x,,,,,,,,,,
Baddha Hasta Sirsasana B,बद्धहस्तशीर्षासन B,Baddhahastaśīrṣāsana B,Bound Hand Headstand B,Baddha = bound; Hasta = hand; Śīrṣa = head,nāḍī śodhana,Baddhahastaśīrṣāsana A,Baddhahastaśīrṣāsana B,x,,,,,,,,,,
Baddha Hasta Sirsasana C,बद्धहस्तशीर्षासन C,Baddhahastaśīrṣāsana C,Bound Hand Headstand C,Baddha = bound; Hasta = hand; Śīrṣa = head,nāḍī śodhana,Baddhahastaśīrṣāsana B,Ūrdhva Dhanurāsana,x,,,,,,,,,,
Bakasana A,बकासन A,Bakāsana A,Crane Pose A,Baka = crane,nāḍī śodhana,Supta Vajrāsana,Bakāsana A,x,,,,,,,,,,
Bakasana B,बकासन B,Bakāsana B,Crane Pose B,Baka = crane,nāḍī śodhana,Bakāsana A,Bakāsana B,x,,x,Vitalidad,10,"Wrist flexors, shoulder elevators and retractors, back extensors, hip extensors, ankle dorsiflexors.","[[Bālāsana]], [[Bharmanāsana]], [[Garuḍāsana]], [[Mālāsana]], [[Marīchyāsana A]], [[Prasāritapādottānāsana A]], [[Ekapādabakāsana A]], [[Uttānāsana]].","Wrist synergists, elbow synergists, shoulder stabilizers (emphasis flexors, protractors), external rotators of the arm, chest, abdominals, hip adductors and flexors, pelvic floor, knee flexors.","[[Adhomukhaśvānāsana]], [[Bharmanāsana]], [[Chaturāṅgadaṇḍāsana]], [[Garuḍāsana]], [[Mālāsana]], [[Marīchyāsana A]], [[Nāvāsana]], [[Phalakāsana]].","[[Tiṭṭibhāsana A]], [[Pārśvabakāsana]], [[Kouṇḍinyāsana A]], [[Śīrṣāsana B]] series, transition to pose by hopping from [[Adhomukhaśvānāsana]].","[[Vinyāsa]], [[Ūrdhvamukhaśvānāsana]], [[Adhomukhaśvānāsana]], [[Bhuja]], [[Bālāsana]]."
Bharadvajasana,भरद्वाजासन​,Bharadvājāsana,Sage Bharadvaja’s Twist,Named after Sage Bharadvaja,nāḍī śodhana,Bakāsana B,Bharadvājāsana,x,x,,,6,"Padma leg: hip adductors, internal rotators of the leg. Vira leg: external rotators of the leg, knee flexors, foot dorsiflexors. Hip extensors, obliques, chest. Bound arm: Shoulder flexors, external rotators of the arm. Shoulder elevators, neck rotators.","[[Ardhabaddhapadmottānāsana]] Prep, [[Bharmanāsana]], [[Gomukhāsana B]] arms, Jathara Parivarttanasana, [[Padmāsana]], [[Parivṛttotkaṭāsana]], [[Vīrabhadrāsana A]].","Pelvic floor, hip flexors, knee flexors, obliques, shoulder extensors.","[[Ardha Matsyendrāsana]], [[Baddhakoṇāsana B]], [[Padmāsana]], [[Parivṛtta Hasta Pādāṅguṣṭhāsana]], [[Parivṛttapārśvakoṇāsana]], [[Parivṛttatrikoṇāsana]], [[Parivṛttotkaṭāsana]], [[Ūrdhvamukhaśvānāsana]], [[Vīrabhadrāsana A]].","[[Tryaṅgamukhaikapāda Paścimottānāsana]], [[Krouncāsana]], [[Ardhabaddhapadmapaścimottānāsana]].","[[Ūrdhvamukhaśvānāsana]], [[Adhomukhaśvānāsana]], [[Daṇḍāsana]], [[Paścimottānāsana A]], [[Apānāsana]], [[Bālāsana]]."
Bhekasana,भेकासन​,Bhekāsana,Frog Pose,Bheka = frog,nāḍī śodhana,Śalabhāsana B,Bhekāsana,x,,,,13,"Hip flexors, knee extensors, foot dorsiflexors, abdominals, chest, shoulder elevators and flexors, throat.","[[Rājakapotāsana]], [[Dhanurāsana]], [[Prasāritapādottānāsana C]] arms, [[Śalabhāsana A]] and [[Śalabhāsana B]], [[Uṣṭrāsana]], [[Vīrabhadrāsana A]].","Back extensors, transversus abdominis, pelvic floor, shoulders (emphasis flexors, protractors and adductors), neck.","[[Rājakapotāsana]], [[Dhanurāsana]], [[Pūrvottānāsana]], [[Śalabhāsana A]] and [[Śalabhāsana B]], [[Ūrdhva Dhanurāsana]], [[Ūrdhvamukhaśvānāsana]], [[Uṣṭrāsana]].","[[Vajrāsana A]], [[Naṭarājāsana A]], [[Ekapādarājakapotāsana]], [[Ūrdhva Dhanurāsana]].","[[Bālāsana]], [[Ardha Matsyendrāsana]], [[Adhomukhaśvānāsana]], [[Daṇḍāsana]], [[Paścimottānāsana A]]."
Dhanurasana,धनुरासन​,Dhanurāsana,Bow Pose,Dhanu = bow,nāḍī śodhana,Bhekāsana,Dhanurāsana,x,,x,Apertura,13,"External rotators of the leg, hip flexors, abdominals, chest, shoulder protractors and extensors, internal rotators of the arm, elbow flexors, wrist flexors.","[[Añjanēyāsana]], [[Ālāsana]], [[Bharmanāsana]], [[Śalabhāsana A]] and [[Śalabhāsana B]], [[Ūrdhva Dhanurāsana]], [[Ūrdhvamukhaśvānāsana]], [[Vīrabhadrāsana A]].","Back extensors, hip extensors and adductors, transversus abdominis, shoulder retractors, knee extensors, foot dorsiflexors.","[[Rājakapotāsana]], [[Pūrvottānāsana]], [[Śalabhāsana A]] and [[Śalabhāsana B]], [[Ūrdhva Dhanurāsana]].","[[Pārśva Dhanurāsana]], [[Bhekāsana]],[[Rājakapotāsana]], [[Uṣṭrāsana]], [[Laghu Vajrāsana]].","[[Bālāsana]], [[Apānāsana]], [[Ardha Matsyendrāsana]], [[Supta Matsyendrāsana]]."
Dwi Pada Sirsasana,द्विपादशीर्षासन,Dvipādaśīrṣāsana,Two-Legged Headstand,Dvi = two; Pāda = foot; Śīrṣa = head,nāḍī śodhana,Ekapādaśīrṣāsana,Dvipādaśīrṣāsana,x,,,,13,"Hip adductors and extensors, internal rotators of the leg, back extensors, shoulder retractors and elevators.","[[Ānandabālāsana]], [[Ardhabaddhapadmottānāsana]], [[Ardhabaddhapadmapaścimottānāsana]], [[Agnistambhāsana]], [[Baddhakoṇāsana B]], [[Baddhapadmāsana]], [[Bhujapīḍāsana]], [[Ekapādarājakapotāsana]], [[Ekapādaśīrṣāsana]], [[Gomukhāsana B]], [[Karṇapīḍāsana]], [[Kūrmāsana]], [[Mālāsana]], [[Marīchyāsana C]], [[Pādahastāsana]], [[Prasāritapādottānāsana A]], [[Prasāritapādottānāsana B]], and [[Prasāritapādottānāsana D]], [[Upaviṣṭhakoṇāsana A]], [[Ekapādabakāsana A]]","Hip flexors and adductors, pelvic floor, abdominals, knee flexors, shoulder retractors and adductors.","[[Agnistambhāsana]], [[Baddhakoṇāsana B]], [[Ekapādarājakapotāsana]], [[Ekapādaśīrṣāsana]], [[Karṇapīḍāsana]], [[Marīchyāsana A]], [[Padmāsana]], [[Prasāritapādottānāsana A]], [[Prasāritapādottānāsana B]], and [[Prasāritapādottānāsana D]], [[Ubhayapādāṅguṣṭhāsana]], [[Upaviṣṭhakoṇāsana A]], [[Ūrdhvamukhapaścimottānāsana]], [[Ekapādabakāsana A]].","[[Suptakūrmāsana]], [[Cakorāsana]].","[[Apānāsana]], [[Bālāsana]]."
Eka Pada Sirsasana A,एकपादशीर्षासन,Ekapādaśīrṣāsana,One-Legged Headstand,Eka = one; Pāda = foot; Śīrṣa = head,nāḍī śodhana,Ardha Matsyendrāsana,Ekapādaśīrṣāsana,x,,,,4,"Grounded leg: hip synergists, external rotators of the leg, knee flexors, calf. Sirsa leg: hip adductors and extensors, internal rotators of the leg. Back extensors, shoulder elevators, chest.","[[Adhomukhaśvānāsana]], [[Ūrdhvamukhaśvānāsana]], [[Agnistambhāsana]], [[Ākarṇa Dhanurāsana]], [[Añjanēyāsana]], [[Ardhabaddhapadmottānāsana]], [[Ālāsana]], [[Baddhakoṇāsana B]], [[Rājakapotāsana]], [[Gomukhāsana B]], [[Mālāsana]], [[Ekapādabakāsana A]], [[Vīrabhadrāsana A]].","Hip flexors and adductors. Grounded leg: internal rotators of the leg, knee extensors, foot dorsiflexors. Gesture leg: external rotators, knee flexors. Transversus abdominis, back extensors, obliques, shoulder retractors.","[[Ākarṇa Dhanurāsana]], [[Ekapādarājakapotāsana]] Prep, [[Gomukhāsana B]], [[Karṇapīḍāsana]], [[Mālāsana]], [[Marīchyāsana A]], [[Uttānāsana]], [[Ekapādabakāsana A]], [[Utthitapārśvakoṇāsana]].","[[Cakorāsana]], [[Dvipādaśīrṣāsana]], [[Yoga Nidrāsana]].","[[Vinyāsa]], [[Marīchyāsana]], [[Bālāsana]]."
Gomukhasana A,गोमुखासन अ,Gomukhāsana A,Cow Face Pose A,Go = cow; Mukha = face,nāḍī śodhana,Parighāsana,Gomukhāsana A,x,x,,,,,,,,,
Gomukhasana B,गोमुखासन ब्,Gomukhāsana B,Cow Face Pose B,Go = cow; Mukha = face,nāḍī śodhana,Gomukhāsana A,Gomukhāsana B,x,,,,4,"Hip adductors, extensors, and rotators. Back extensors, shoulder retractors and elevators. Top arm: shoulder and elbow extensors. Bottom arm: shoulder flexors, external rotators of the arm.","[[Ardha Matsyendrāsana]], [[Marīchyāsana C]], [[Parivṛtta Jānuśīrṣāsana]], [[Paścimottānāsana A]], [[Vīrabhadrāsana A]].","Hip flexors and adductors, external rotators of the leg, pelvic floor, transversus abdominis, knee flexors. Lower arm: internal rotators, shoulder extensors. Upper Arm: shoulder flexors, protractors, and adductors, elbow flexors.","[[Ardha Matsyendrāsana]], [[Baddhakoṇāsana B]], [[Bharmanāsana]], [[Daṇḍāsana]], [[Jānuśīrṣāsana A]], [[Ekapādabakāsana A]], [[Uttānāsana]].","[[Ekapādarājakapotāsana]], [[Bharadvājāsana]] and [[Mṛgāsana]].","[[Daṇḍāsana]], [[Baddhakoṇāsana B]], [[Upaviṣṭhakoṇāsana A]], [[Adhomukhaśvānāsana]]."
Kapotasana A,कपोतासन B,Kapotāsana B,Pigeon Pose,Kapota = pigeon,nāḍī śodhana,Kapotāsana A,Kapotāsana B,x,,x,Apertura,13,"Knee flexors, hip flexors, foot dorsiflexors, abdominals, chest, shoulder elevators and flexors, upper back muscles, wrist flexors.","[[Rājakapotāsana]], [[Dhanurāsana]], [[Laghu Vajrāsana]], [[Bhujaṅgāsana]], [[Śalabhāsana A]] and [[Śalabhāsana B]], [[Ūrdhvamukhaśvānāsana]], [[Uṣṭrāsana]].","Wrist synergists, elbow flexors, external rotators of the arm, chest, shoulder stabilizers (emphasis adductors, protractors, and retractors), neck, transversus abdominis, back extensors, hip adductors and flexors, knee flexors, calves.","[[Añjanēyāsana]], [[Ālāsana]], [[Bhekāsana]], [[Rājakapotāsana]], [[Bharmanāsana]], [[Dhanurāsana]], [[Ekapādarājakapotāsana]], [[Ūrdhva Dhanurāsana]], [[Śalabhāsana B]], [[Vajrāsana A]], [[Ūrdhva Dhanurāsana]], [[Ūrdhvamukhaśvānāsana]], [[Uṣṭrāsana]].",A peak pose! [[Laghu Vajrāsana]].,"Prone [[Śavāsana]], [[Marīchyāsana]], [[Vinyāsa]], [[Bālāsana]], [[Śavāsana]]."
Kapotasana B,कपोतासन A,Kapotāsana A,Pigeon Pose,Kapota = pigeon,nāḍī śodhana,Laghu Vajrāsana,Kapotāsana A,x,,x,Apertura,,,,,,,
Karandavasana,करन्दावासन​,Karandāvāsana,Duck Pose,Karanda = duck,nāḍī śodhana,Piñchamayūrāsan,Karandāvāsana,x,,,,,,,,,,
Krounchasana,क्रोउन्चासन​,Krouncāsana,Heron Pose,Krauñca = heron (a bird),nāḍī śodhana,Pāśāsana,Krouncāsana,x,,,,4,"[[Vīrabhadrāsana A]] leg: foot dorsiflexors, knee extensors. Extended leg: hip extensors, knee flexors. Shoulder elevators.","[[Daṇḍāsana]], [[Paścimottānāsana A]], [[Tryaṅgamukhaikapāda Paścimottānāsana]], [[Vīrabhadrāsana A]].","Hip flexors and adductors, internal rotators of the leg, back extensors, abdominals, shoulder depressors and flexors. Extended leg: knee extensors, calf.","[[Adhomukhaśvānāsana]], [[Bālāsana]], [[Daṇḍāsana]], [[Marīchyāsana A]], [[Pādahastāsana]], [[Pārśvottānāsana]], [[Paścimottānāsana A]], [[Tryaṅgamukhaikapāda Paścimottānāsana]], [[Vīrabhadrāsana A]], [[Ubhayapādāṅguṣṭhāsana]].","Pick up and float back to [[Chaturāṅgadaṇḍāsana]], [[Ekapādaśīrṣāsana]] to [[Cakorāsana]] vinyasa; [[Ubhayapādāṅguṣṭhāsana]], [[Ūrdhvamukhapaścimottānāsana]].","[[Vinyāsa]], [[Bālāsana]]."
Laghu Vajrasana,लघु वज्रासन​,Laghu Vajrāsana,Little Thunderbolt Pose,Laghu = little; Vajra = thunderbolt,nāḍī śodhana,Uṣṭrāsana,Laghu Vajrāsana,x,x,x,Apertura,13,"Knee extensors, hip flexors, abdominals, shoulder extensors, elbow extensors, chest, throat.","[[Vajrāsana A]], [[Uṣṭrāsana]] and its Prep poses, [[Vīrabhadrāsana A]].","Knee extensors, hip adductors and extensors, internal rotators of the leg, back extensors, transversus abdominis, shoulder stabilizers (emphasis retractors/protractors, extensors), internal rotators of the arm, elbow flexors.","[[Añjanēyāsana]], [[Ālāsana]], [[Bhekāsana]], [[Rājakapotāsana]], [[Bharmanāsana]], [[Dhanurāsana]], [[Ekapādarājakapotāsana]],[[Rājakapotāsana]], [[Ūrdhva Dhanurāsana]], [[Śalabhāsana B]], [[Vajrāsana A]], [[Ūrdhva Dhanurāsana]], [[Ūrdhvamukhaśvānāsana]], [[Uṣṭrāsana]], [[Dvipādaviparītadaṇḍāsana]].","[[Kapotāsana B]], drop-backs, [[Naṭarājāsana A]], ticktocks.","[[Bālāsana]], [[Marīchyāsana]], [[Baddhakoṇāsana B]], [[Paścimottānāsana]]."
Mayurasana,मयूरासन​,Mayūrāsana,Peacock Pose,Mayūra = peacock,nāḍī śodhana,Karandāvāsana,Mayūrāsana,x,,,,,,,,,,
Mukta Hasta Sirsasana A,मुक्तहस्तशीर्षासन A,Muktahastaśīrṣāsana A,Free Hand Headstand A,Mukta = free; Hasta = hand; Śīrṣa = head,nāḍī śodhana,Gomukhāsana B,Muktahastaśīrṣāsana A,x,,,,,,,,,,
Mukta Hasta Sirsasana C,मुक्तहस्तशीर्षासन B,Muktahastaśīrṣāsana B,Free Hand Headstand B,Mukta = free; Hasta = hand; Śīrṣa = head,nāḍī śodhana,Muktahastaśīrṣāsana A,Muktahastaśīrṣāsana B,x,,,,,,,,,,
Mukta Hasta Sirsasana C,मुक्तहस्तशीर्षासन C,Muktahastaśīrṣāsana C,Free Hand Headstand C,Mukta = free; Hasta = hand; Śīrṣa = head,nāḍī śodhana,Muktahastaśīrṣāsana B,Muktahastaśīrṣāsana C,x,,,,,,,,,,
Nakrasana,नक्रासन​,Nakrāsana,Crocodile Pose,Nakra = crocodile,nāḍī śodhana,Mayūrāsana,Nakrāsana,x,,,,,,,,,,
Parighasana,परिघासन​,Parighāsana,Gate Pose,Parigha = gate,nāḍī śodhana,Vātāyanāsana,Parighāsana,x,,,,4,"Standing leg: calf, knee flexors, hip extensors, external rotators of the leg. Gesture leg: foot dorsiflexors, knee flexors, hip flexors. Obliques, chest, shoulder retractors and elevators.","[[Parivṛttatrikoṇāsana]] and its Prep poses, [[Vīrabhadrāsana C]] and its Prep poses.","Standing leg: intrinsic foot muscles, hip stabilizers (emphasis flexors, adductors). Extended leg: hip extensors. Knee extensors, back extensors, transversus abdominis, obliques, shoulder retractors and protractors, elbow extensors, neck.","[[Adhomukhaśvānāsana]], [[Ardhottānāsana]], [[Ālāsana]], [[Parivṛttahastapādāṅguṣṭhāsana]], [[Parivṛttapārśvakoṇāsana]], [[Parivṛttatrikoṇāsana]], [[Parivṛttotkaṭāsana]], [[Pārśvottānāsana]], [[Utthitahastapādāṅguṣṭhāsana A, [[Vīrabhadrāsana C]], [[Vṛkṣāsana]].","Clasp lifted-side foot with lifted hand, transition to [[Vīrabhadrāsana C]], [[Adhomukhavṛkṣāsana]], then [[Chaturāṅgadaṇḍāsana]]. Do not transition directly to [[Ardhacandrāsana]].","[[Uttānāsana]], [[Adhomukhaśvānāsana]], [[Bālāsana]], [[Gomukhāsana B]]."
Parsva Dhanurasana,पार्श्व धनुरासन​,Pārśva Dhanurāsana,Side Bow Pose,Pārśva = side; Dhanu = bow,nāḍī śodhana,Dhanurāsana,Pārśva Dhanurāsana,x,,,,,,,,,,
Pasasana,पाशासन​,Pāśāsana,Noose Pose,Pāśa = noose,nāḍī śodhana,Pārśvottānāsana,Pāśāsana,x,,,,,,,,,,
Pincha Mayurasana,पिञ्छमयूरासन,Piñchamayūrāsan,Feathered Peacock Pose,Piñcha = feather; Mayūra = peacock,nāḍī śodhana,Tiṭṭibhāsana C,Piñchamayūrāsan,x,,,,11,"Internal rotators of the arm, shoulder elevators and retractors, hip flexors, knee flexors.","[[Adhomukhaśvānāsana]], [[Adhomukhavṛkṣāsana]], [[Añjanēyāsana]], [[Gomukhāsana B]] arms, [[Baddhakoṇāsana A]], [[Vajrāsana A]], [[Vīrabhadrāsana A]].","Wrist flexor/extensors, elbow flexors, shoulder stabilizers (emphasis protractors, flexors), internal rotators of the arm, abdominals, back extensors, hip stabilizers, internal rotators of the leg, knee extensors, calves.","[[Adhomukhaśvānāsana]], [[Adhomukhavṛkṣāsana]], [[Añjanēyāsana]], [[Ālāsana]], [[Rājakapotāsana]], [[Chaturāṅgadaṇḍāsana]], [[Daṇḍāsana]], [[Garuḍāsana]], [[Phalakāsana]], [[Pūrvottānāsana]], [[Śalabhāsana A]] and [[Śalabhāsana B]], [[Śīrṣāsana]], [[Baddhakoṇāsana A]].","[[Viparīccakrāsana]], [[Adhomukhavṛkṣāsana]], transition to [[Dvipādaviparītadaṇḍāsana]] (feet all the way down to the floor, extend legs).","[[Bālāsana]], [[Garuḍāsana]] arms, [[Marīchyāsana]] and [[Supta Matsyendrāsana]]."
Shalabhasana A,शलभासन A,Śalabhāsana A,Locust Pose A,Śalabha = locust,nāḍī śodhana,Krouncāsana,Śalabhāsana A,x,,x,Apertura,13,"All: abdominals, hip flexors, knee flexors, foot dorsiflexors, chest, shoulder elevators, neck. A and C: shoulder flexors. B: shoulder extensors.","All [[Marīchyāsana]], [[Bālāsana]], [[Baddhakoṇāsana B]].","Back extensors, hip extensors and adductors, transversus abdominis, shoulder retractors, neck, knee extensors, foot dorsiflexors. A: shoulder extensors, elbow flexors, wrist synergists. B: Shoulder flexors, external rotators of the arm, elbow extensors. C: Shoulder extensors and adductors, wrist synergists.",[[Bharmanāsana]]. The Salabhasana poses are themselves prep for general practice and all back bends.,"[[Dhanurāsana]], [[Bhekāsana]], [[Rājakapotāsana]], [[Ūrdhva Dhanurāsana]].","[[Bālāsana]], [[Marīchyāsana]], [[Baddhakoṇāsana B]], [[Paścimottānāsana]]."
Shalabhasana B,शलभासन B,Śalabhāsana B,Locust Pose B,Śalabha = locust,nāḍī śodhana,Śalabhāsana A,Śalabhāsana B,x,,x,Apertura,,,,,,,
Supta Vajrasana,सुप्त वज्रासन​,Supta Vajrāsana,Reclined Thunderbolt Pose,Supta = reclined; Vajra = thunderbolt,nāḍī śodhana,Kapotāsana B,Supta Vajrāsana,x,,,,,,,,,,
Tittibhasana A,तिट्टिभासन A,Tiṭṭibhāsana A,Firefly Pose A,Tiṭṭibha = firefly,nāḍī śodhana,Yoga Nidrāsana,Tiṭṭibhāsana A,x,,,,"10,4","Wrist flexors, elbow flexors, shoulder flexors, back extensors, hip adductors and extensors, knee flexors, ankle dorsiflexors.","[[Adhomukhaśvānāsana]], [[Baddhakoṇāsana B]], [[Bakāsana B]], [[Bhujapīḍāsana]], [[Garuḍāsana]], [[Mālāsana]], [[Prasāritapādottānāsana A]], [[Upaviṣṭhakoṇāsana A]], [[Utthitatrikoṇāsana]].","Wrist synergists, elbow synergists, shoulder stabilizers (emphasis flexors, protractors), external rotators of the arm, chest, abdominals, hip adductors and flexors, pelvic floor, knee extensors, calves.","[[Adhomukhaśvānāsana]], [[Bakāsana B]], [[Bālāsana]], [[Bharmanāsana]], [[Chaturāṅgadaṇḍāsana]], [[Kouṇḍinyāsana B]], [[Kūrmāsana]], [[Mālāsana]], [[Marīchyāsana A]], [[Nāvāsana]], [[Parivṛtta Jānuśīrṣāsana]], [[Prasāritapādottānāsana A]], [[Śīrṣāsana]]I, [[Upaviṣṭhakoṇāsana A]], [[Ūrdhvakukkutāsana]], [[Ekapādabakāsana A]].","Transition to [[Bakāsana B]] then [[Chaturāṅgadaṇḍāsana]], [[Bhujapīḍāsana]].","[[Vinyāsa]], [[Ūrdhvamukhaśvānāsana]], [[Adhomukhaśvānāsana]], [[Bhuja]], [[Bālāsana]]."
Tittibhasana B,तिट्टिभासन B,Tiṭṭibhāsana B,Firefly Pose B,Tiṭṭibha = firefly,nāḍī śodhana,Tiṭṭibhāsana A,Tiṭṭibhāsana B,x,,,,,,,,,,
Tittibhasana C,तिट्टिभासन चC,Tiṭṭibhāsana C,Firefly Pose C,Tiṭṭibha = firefly,nāḍī śodhana,Tiṭṭibhāsana B,Tiṭṭibhāsana C,x,,,,,,,,,,
Ustrasana,उष्ट्रासन​,Uṣṭrāsana,Camel Pose,Uṣṭra = camel,nāḍī śodhana,Pārśva Dhanurāsana,Uṣṭrāsana,x,,x,Apertura,13,"Foot dorsiflexors, knee extensors, abdominals, chest, throat, elbow flexors.","[[Añjanēyāsana]], Salabhasana, [[Ūrdhva Dhanurāsana]], [[Vajrāsana A]], [[Vīrabhadrāsana A]]","Knee extensors, hip adductors and extensors, internal rotators of the leg, back extensors, abdominals, shoulder stabilizers (emphasis retractors, extensors), external rotators of the arm, elbow flexors.","[[Añjanēyāsana]], [[Ālāsana]], [[Bhekāsana]], [[Rājakapotāsana]], [[Bharmanāsana]], [[Dhanurāsana]], [[Ekapādarājakapotāsana]],[[Rājakapotāsana]], [[Ūrdhva Dhanurāsana]], [[Śalabhāsana B]], [[Vajrāsana A]], [[Ūrdhva Dhanurāsana]], [[Ūrdhvamukhaśvānāsana]].","[[Pūrvottānāsana]], [[Laghu Vajrāsana]], [[Kapotāsana B]], [[Ūrdhva Dhanurāsana]].","[[Bālāsana]], [[Marīchyāsana]], [[Baddhakoṇāsana B]], [[Paścimottānāsana]]."
Vatayanasana,वातायनासन​,Vātāyanāsana,Horse Face Pose,Vātāyana = horse face,nāḍī śodhana,Nakrāsana,Vātāyanāsana,x,,,,,,,,,,
Yoga Nidrasana,योग निद्रासन​,Yoga Nidrāsana,Yogic Sleep Pose,Yoga = union; Nidrā = sleep,nāḍī śodhana,Dvipādaśīrṣāsana,Yoga Nidrāsana,x,,,,,,,,,,
Paschimottanasana,पश्चिमोत्तानासन ,Paścimottānāsana,Seated Forward Bend B,Paścima = west; Uttāna = intense stretch,pṛṣṭhavakrāsana,Ūrdhva Dhanurāsana,Sarvāṅgāsana,x,x,x,Apertura,,,,,,,
Trianga Mukhottanasana A,त्रिअंगमुखोत्तनासन A,Triaṅgamukhottanāsana A,Three-Limbed Intense Stretch,"Tri = three, anga = limb, mukha = face/intense, uttana = stretch.",pṛṣṭhavakrāsana,Ūrdhva Dhanurāsana,Paścimottānāsana,x,x,,Apertura,,,,,,,
Trianga Mukhottanasana B,त्रिअंगमुखोत्तनासन B,Triaṅgamukhottanāsana B,Three-Limbed Intense Stretch,"Tri = three, anga = limb, mukha = face/intense, uttana = stretch.",pṛṣṭhavakrāsana,Ūrdhva Dhanurāsana,Paścimottānāsana,x,x,,Apertura,,,,,,,
Urdhva Dhanurasana,ऊर्ध्व धनुरासन,Ūrdhva Dhanurāsana,Upward Bow Pose,Ūrdhva = upward; Dhanu = bow; Āsana = posture,pṛṣṭhavakrāsana, - ,Paścimottānāsana,x,,x,Apertura,13,"Hip flexors, external rotators of the leg, abdominals, chest, shoulder elevators, retractors and extensors, wrist flexors.","[[Rājakapotāsana]], ashtanga pranam, [[Chaturāṅgadaṇḍāsana]], [[Añjanēyāsana]], [[Phalakāsana]].","Wrist synergists, elbow extensors, external rotators of the arm, shoulder stabilizers (emphasis retractors, protractors, flexors), back extensors, transversus abdominis, hip extensors and adductors, intrinsic foot muscles.","[[Adhomukhaśvānāsana]], [[Adhomukhavṛkṣāsana]], [[Añjanēyāsana]], [[Ālāsana]], [[Rājakapotāsana]], [[Bharmanāsana]], [[Chaturāṅgadaṇḍāsana]], [[Dhanurāsana]], [[Garuḍāsana]] arms, [[Ūrdhva Dhanurāsana]], [[Vajrāsana A]], [[Ūrdhvamukhaśvānāsana]], [[Vīrabhadrāsana A]].","Maintaining parallel positioning of the feet, move hands closer to the feet; Eka Pada [[Ūrdhva Dhanurāsana]], [[Dvipādaviparītadaṇḍāsana]], drop-backs, ticktocks.","[[Apānāsana]], [[Marīchyāsana]], [[Baddhakoṇāsana B]], [[Ānandabālāsana]], [[Bālāsana]], [[Paścimottānāsana]]."
Viparita Chakrasana,विपरीच्चक्रासन,Viparīccakrāsana,Inverted Wheel Pose,Viparīta = inverted; Cakra = wheel,pṛṣṭhavakrāsana,Ūrdhva Dhanurāsana,Paścimottānāsana,x,,,,10,"Wrist flexors, shoulder elevators and retractors, throat, chest, abdominals, hip flexors.","[[Adhomukhavṛkṣāsana]], [[Baddhakoṇāsana A]], [[Piñchamayūrāsana]], [[Adhomukhaśvānāsana]], [[Rājakapotāsana]], [[Ekapādarājakapotāsana]].","Wrist flexors, elbow flexors, external rotators of the arm, shoulder stabilizers (emphasis retractors, protractors, flexors), back extensors, transversus abdominis, hip flexors and adductors.","[[Adhomukhaśvānāsana]], [[Adhomukhavṛkṣāsana]], [[Añjanēyāsana]], [[Ālāsana]], [[Bhekāsana]], [[Rājakapotāsana]], [[Bharmanāsana]], [[Chaturāṅgadaṇḍāsana]], [[Dhanurāsana]], [[Ekapādarājakapotāsana]], [[Piñchamayūrāsana]], [[Garuḍāsana]], [[Phalakāsana]],[[Rājakapotāsana]], [[Śalabhāsana B]], [[Śīrṣāsana]], [[Baddhakoṇāsana A]], [[Ūrdhva Dhanurāsana]], [[Tāḍāsana]], [[Ūrdhvamukhaśvānāsana]], [[Uṣṭrāsana]], [[Vīrabhadrāsana A]].","With [[Adhomukhavṛkṣāsana]] arms: Drop into [[Ūrdhva Dhanurāsana]], ticktocks.","[[Marīchyāsana]], [[Apānāsana]], [[Bālāsana]]."
Baddha Padmasana,बद्धपद्मासन,Baddhapadmāsana,Bound Lotus Pose,Baddha = bound; Padma = lotus,samāpana,Sirsasana A,Yoga Mudra,x,,,,,,,,,,
Halasana,हलासन​,Halāsana,Plow Pose,Hala = plow,samāpana,Sarvāṅgāsana,Karna Pidasana,x,x,x,Entrega,11,"Foot dorsiflexors, knee extensors, hip extensors, back extensors.","[[Daṇḍāsana]], [[Prasāritapādottānāsana C]], [[Sarvāṅgāsana]], [[Ūrdhva Dhanurāsana]].","Shoulder stabilizers (emphasis retractors, adductors, extensors), back extensors, hip extensors and adductors, internal rotators of the leg, knee extensors, foot dorsiflexors.","[[Adhomukhaśvānāsana]], [[Ardhottānāsana]], [[Bharmanāsana]], [[Daṇḍāsana]], [[Prasāritapādottānāsana C]] arms, [[Sarvāṅgāsana]], [[Ūrdhva Dhanurāsana]], [[Uttānāsana]].","[[Karṇapīḍāsana]], [[Sarvāṅgāsana]].","[[Uttānapādāsana]], [[Marīchyāsana]], [[Adhomukhaśvānāsana]], [[Sarvāṅgāsana]], [[Śavāsana]]."
Karna Pidasana,कर्णपीडासन​,Karṇapīḍāsana,Ear Pressure Pose,Karṇa = ear; Pīḍa = pressure,samāpana,Halasana,Urdhva Padmasana,x,,x,Entrega,11,"Elbow flexors, shoulder flexors, back extensors, hip extensors.","[[Bālāsana]], [[Daṇḍāsana]], [[Halāsana]], [[Paścimottānāsana A]].","Shoulder stabilizers (emphasis retractors, adductors, extensors), elbow extensors, back extensors, hip flexors, internal rotators of the leg, knee extensors, foot dorsiflexors.","[[Agnistambhāsana]], [[Halāsana]], [[Marīchyāsana A]], [[Parivṛttotkaṭāsana]], [[Paścimottānāsana A]], [[Prasāritapādottānāsana C]], [[Tryaṅgamukhaikapāda Paścimottānāsana]], [[Ūrdhvapadmāsana]], [[Ekapādabakāsana A]], [[Uttānāsana]].","[[Piṇḍāsana]], long-held forward bends.","[[Uttānapādāsana]], [[Marīchyāsana]], [[Adhomukhaśvānāsana]], [[Sarvāṅgāsana]], [[Śavāsana]]."
Matsyasana,मत्स्यासन​,Matsyāsana,Fish Pose,Matsya = fish,samāpana,Urdhva Padmasana,Uttana Padasana,x,,x,Entrega,3,"Knee extensors, hip adductors and extensors, internal rotators of the leg. Abdominals, chest, shoulder flexors, throat.","[[Padmāsana]] and its Prep poses, [[Ūrdhva Dhanurāsana]], [[Uttānapādāsana]]","Hip flexors, adductors, internal rotators of the leg, knee extensors, foot dorsiflexors, back extensors, transversus abdominis, shoulder retractors and extensors, elbow extensors, neck.","[[Adhomukhaśvānāsana]], [[Añjanēyāsana]], [[Ardhottānāsana]], [[Ālāsana]], [[Daṇḍāsana]], [[Dhanurāsana]], [[Nāvāsana]], [[Śalabhāsana A]] and [[Śalabhāsana B]], [[Vajrāsana A]], [[Ūrdhvamukhaśvānāsana]], [[Uṣṭrāsana]].","Transition to [[Uttānapādāsana]], [[Cakorāsana]].","[[Apānāsana]], [[Ānandabālāsana]], [[Śavāsana]]."
Padmasana,पद्मासन​,Padmāsana,Lotus Pose,Padma = lotus,samāpana,Yoga Mudra,Utplutih,x,x,,,"3,4","Hip adductors and extensors, internal rotators of the leg, knee extensors.","[[Baddhakoṇāsana B]], [[Daṇḍāsana]], [[Ekapādarājakapotāsana]] and its Prep poses, [[Gomukhāsana B]], [[Vīrabhadrāsana A]].","Hip flexors, external rotators of the leg, pelvic floor, transversus abdominis, back extensors, knee flexors, shoulder retractors and protractors.","[[Agnistambhāsana]], [[Ardhabaddhapadmottānāsana]], [[Baddhakoṇāsana B]], [[Bharadvājāsana]], [[Gomukhāsana B]], [[Mālāsana]], [[Prasāritapādottānāsana A]], [[Upaviṣṭhakoṇāsana A]], [[Uttānāsana]].","[[Utplutiḥ]], [[Matsyāsana]], [[Ūrdhvapadmāsana]], [[Ūrdhvakukkutāsana]], yoga mudra.","[[Daṇḍāsana]], [[Suptapādāṅguṣṭhāsana A]], [[Adhomukhaśvānāsana]]."
Sarvangasana,सर्वाङ्गासन​,Sarvāṅgāsana,Shoulder Stand,Sarva = all; Aṅga = limb,samāpana,Paścimottānāsana,Halasana,x,x,x,Entrega,11,"Hip extensors, knee flexors.",A deeply restorative asana that can be practiced on its own or after any sequence.,Hip adductors.,In itself a restorative that can be practiced independently or after any practice.,"Strap thighs together, place sandbag over feet; explore wall-supported Ardha [[Sarvāṅgāsana]] or [[Suptakoṇāsana]].","[[Apānāsana]], [[Baddhakoṇāsana B]], [[Śavāsana]]."
Savasana,शवासन​,Śavāsana,Corpse Pose,Śava = corpse,samāpana,Utplutih,- ,x,x,x,Entrega,3,Everything.,For integration following practice.,The floor—somewhat.,Final restorative after any practice.,"Often sequenced as the final pose of the practice; restorative pose, slowly transition up to sitting.","At the end of practice, allow at least five minutes in this asana; practice a shorter hold within an asana practice."
Sirsasana A,शीर्षासन​,Śīrṣāsana,Headstand,Śīrṣa = head,samāpana,Uttana Padasana,Baddha Padmasana,x,,,,11,Shoulder extensors and retractors.,"[[Adhomukhaśvānāsana]], [[Piñchamayūrāsana]], [[Phalakāsana]], [[Śīrṣāsana]]I, [[Baddhakoṇāsana A]], [[Uttānāsana]]; abdominal core work.","Elbow synergists, shoulder stabilizers (emphasis flexors, protractors, retractors), neck, obliques, abdominals, back extensors, hip flexors, adductors, and extensors, internal rotators of the leg, knee extensors.","[[Adhomukhaśvānāsana]], [[Adhomukhavṛkṣāsana]], [[Ardhottānāsana]], [[Ālāsana]], [[Chaturāṅgadaṇḍāsana]], [[Nāvāsana]], [[Phalakāsana]], [[Baddhakoṇāsana A]], [[Ūrdhva Dhanurāsana]], [[Tāḍāsana]], [[Uttānāsana]].","Twist to each side; fold legs into [[Padmāsana]] position, Parsvaikapada Sirsasana, Urdhva [[Daṇḍāsana]].","[[Bālāsana]], [[Adhomukhaśvānāsana]]: relax neck, let head hang, [[Śirṣa]], [[Sarvāṅgāsana]]."
Urdhva Padmasana,ऊर्ध्वपद्मासन,Ūrdhvapadmāsana,Upward Lotus Pose,Ūrdhva = upward; Padma = lotus,samāpana,Karna Pidasana,Matsyasana,x,,,,"4,11","Neck, hip adductors and extensors, internal rotators of the leg, knee extensors.","[[Baddhakoṇāsana B]], [[Padmāsana]] and its Prep poses, [[Sarvāṅgāsana]].","Shoulder stabilizers (emphasis retractors, adductors), neck, elbow extensors, back extensors, hip extensors, abdominals.","[[Adhomukhaśvānāsana]], [[Ardhabaddhapadmottānāsana]], [[Ardhottānāsana]], [[Baddhakoṇāsana B]], [[Halāsana]], [[Karṇapīḍāsana]], [[Mālāsana]], [[Padmāsana]], [[Paścimottānāsana A]], [[Phalakāsana]], [[Sarvāṅgāsana]], [[Upaviṣṭhakoṇāsana A]], [[Uttānāsana]].","In [[Sarvāṅgāsana]]: transition to [[Piṇḍāsana]], or lift knees up to extend Lotus and revolve to one side, then the other (one hand to sacrum); transition to Mayurasana.","[[Matsyāsana]], [[Uttānapādāsana]], [[Supta Matsyendrāsana]], [[Śavāsana]]."
Utplutih,उत्प्लुतिः,Utplutiḥ,Floating Pose,Ut = up; Pluti = to float,samāpana,Padmasana,Śavāsana,x,,,,"4,10","Wrist flexors, elbow flexors, shoulder elevators, retractors, and flexors, back extensors, hip adductors and extensors, internal rotators of the leg, knee extensors.","[[Padmāsana]] and its Prep poses, abdominal core work.","Wrist synergists, elbow synergists, shoulder stabilizers (emphasis flexors, protractors), external rotators of the arm, chest, abdominals, hip adductors and flexors, external rotators of the leg, pelvic floor, knee flexors, foot dorsiflexors.","[[Adhomukhaśvānāsana]], [[Agnistambhāsana]], [[Ardhabaddhapadmottānāsana]], [[Baddhakoṇāsana B]], [[Bakāsana B]], [[Chaturāṅgadaṇḍāsana]], [[Mālāsana]], [[Padmāsana]], [[Phalakāsana]], [[Ūrdhvamukhaśvānāsana]]",Transition to [[Lolasana]] or [[Ūrdhvakukkutāsana]].,"[[Daṇḍāsana]], [[Pūrvottānāsana]], [[Ūrdhvamukhaśvānāsana]], [[Adhomukhaśvānāsana]], [[Bālāsana]], [[Bhuja]]."
Uttana Padasana,उत्तानपादासन,Uttānapādāsana,Stretched Feet Pose,Uttāna = intense stretch; Pāda = foot,samāpana,Matsyasana,Sirsasana A,x,,,,13,"Abdominals, chest, throat, shoulder elevators, knee flexors, foot dorsiflexors.","[[Daṇḍāsana]],  [[Nāvāsana]], [[Ūrdhva Dhanurāsana]], [[Vīrabhadrāsana A]].","Hip flexors, adductors, internal rotators of the leg, knee extensors, foot dorsiflexors, back extensors, transversus abdominis, shoulder retractors, protractors, and flexors, elbow extensors, neck.","[[Adhomukhaśvānāsana]], [[Añjanēyāsana]], [[Ardhottānāsana]], [[Ālāsana]], [[Rājakapotāsana]], [[Bharmanāsana]], [[Chaturāṅgadaṇḍāsana]], [[Daṇḍāsana]], [[Nāvāsana]], [[Śalabhāsana B]], [[Ūrdhvamukhaśvānāsana]], [[Uṣṭrāsana]], [[Utkaṭāsana]].",[[Setubandhāsana]],"[[Apānāsana]], [[Marīchyāsana]], [[Śavāsana]]."
Yoga Mudra,योगमुद्रा,Yogamudrā,Yoga Seal,Yoga = union; Mudrā = seal,samāpana,Baddha Padmasana,Padmasana,x,,,,,,,,,,
Adho Mukha Vrksasana,अधोमुखवृक्षासन,Adhomukhavṛkṣāsana,Tree Pose,Vṛkṣa = tree,tṛtīya śreṇī,Ekapādarājakapotāsana,Ūrdhva Dhanurāsana,x,,,,1,"Wrist flexors, shoulder extensors, back extensors, hip flexors, knee flexors.","[[Adhomukhaśvānāsana]], [[Bharmanāsana]], [[Piñchamayūrāsana]], [[Tāḍāsana]], [[Phalakāsana]], [[Ūrdhva Dhanurāsana]]. For arms and shoulders, these respective arm forms: [[Tāḍāsana]], [[Gomukhāsana B]], [[Garuḍāsana]].","Wrist synergists, elbow synergists, shoulder stabilizers (emphasis flexors, protractors, retractors), obliques, abdominals, back extensors, hip flexors, adductors, and extensors, internal rotators of the leg, knee extensors.","[[Adhomukhaśvānāsana]], [[Ūrdhvamukhaśvānāsana]], [[Phalakāsana]], [[Piñchamayūrāsana]], [[Baddhakoṇāsana A]], [[Ūrdhva Dhanurāsana]], [[Śīrṣāsana]], [[Nāvāsana]], [[Chaturāṅgadaṇḍāsana]], [[Tāḍāsana]], [[Vasiṣṭhāsana]].","[[Viparīccakrāsana]]; [[Adhomukhavṛkṣāsana]] to [[Chaturāṅgadaṇḍāsana]], or [[Ūrdhva Dhanurāsana]], [[Ūrdhvakukkutāsana]]; ticktocks, [[Śīrṣāsana]], [[Piñchamayūrāsana]].","[[Bālāsana]], [[Uttānāsana]], [[Bhuja]], [[Śavāsana]]."
Astavakrasana,अष्टवक्रासन​,Aṣṭavakrāsana,Eight-Angle Pose,Named after Sage Aṣṭavakra (a sage with eight bends),tṛtīya śreṇī,Kouṇḍinyāsana B,Aṣṭavakrāsana,x,,,,"10,4","Wrist flexors, shoulder elevators and flexors, chest, obliques, knee flexors, hip extensors and abductors.","[[Adhomukhaśvānāsana]], [[Ūrdhvamukhaśvānāsana]], [[Bālāsana]], [[Supta Matsyendrāsana]], [[Marīchyāsana A]] and [[Marīchyāsana B]], [[Parivṛttapārśvakoṇāsana]], [[Parivṛttotkaṭāsana]], [[Uttānāsana]], [[Utthitapārśvakoṇāsana]].","Wrist synergists, elbow synergists, rotators of the arm, chest, shoulder stabilizers (emphasis adductors, protractors, retractors) obliques, abdominals, hip adductors and flexors, knee extensors, foot dorsiflexors.","[[Adhomukhaśvānāsana]], [[Ūrdhvamukhaśvānāsana]], [[Bakāsana B]], [[Bharmanāsana]], [[Chaturāṅgadaṇḍāsana]], [[Garuḍāsana]], [[Lolasana]], [[Marīchyāsana A]] and [[Marīchyāsana C]], [[Parivṛttapārśvakoṇāsana]], [[Parivṛttotkaṭāsana]], [[Pārśvabakāsana]], [[Utkaṭāsana]].",,"[[Vinyāsa]], [[Ūrdhvamukhaśvānāsana]], [[Adhomukhaśvānāsana]],[[Suptakoṇāsana]], [[Bālāsana]], [[Bhuja]]."
Bhairavasana,भैरवासन​,Bhairavāsana,Formidable Pose,"Named after Bhairava, a fierce form of Shiva",tṛtīya śreṇī,Cakorāsana,Bhairavāsana,x,,,,,,,,,,
Cakorasana,चकोरासन​,Cakorāsana,Partridge Pose,Cakora = partridge (a bird),tṛtīya śreṇī,Kāśyapāsana,Cakorāsana,x,,,,,,,,,,
Dikasana A,दिकासन A,Dikāsana A,Direction Pose A,Dikā = direction,tṛtīya śreṇī,Hanumānāsana,Dikāsana A,x,,,,,,,,,,
Dikasana B,दिकासन B,Dikāsana B,Direction Pose B,Dikā = direction,tṛtīya śreṇī,Dikāsana A,Dikāsana B,x,,,,,,,,,,
Durvasana,दुर्वासन​,Durvāsana,Sage Durvasa’s Pose,Named after Sage Durvasa,tṛtīya śreṇī,Skandāsana,Durvāsana,x,,,,,,,,,,
Dvipada Viparita Dandasana,द्विपादविपरीतदण्डासन,Dvipādaviparītadaṇḍāsana,Two-Legged Inverted Staff Pose,Dvipāda = two-legged; Viparīta = inverted; Daṇḍa = staff,tṛtīya śreṇī,Virañchyāsana B,Dvipādaviparītadaṇḍāsana,x,,,,4,"Shoulder elevators, extensors, and retractors, chest, abdominals, hip flexors, knee flexors, foot dorsiflexors.","[[Adhomukhaśvānāsana]], [[Añjanēyāsana]], [[Gomukhāsana B]], [[Pūrvottānāsana]], [[Ūrdhva Dhanurāsana]], [[Baddhakoṇāsana A]], [[Vajrāsana A]], [[Ūrdhva Dhanurāsana]], [[Vīrabhadrāsana A]].","Wrist flexors, elbow flexors, external rotators of the arm, shoulder stabilizers (emphasis retractors, protractors, flexors), back extensors, transversus abdominis, hip extensors and adductors, intrinsic foot muscles.","[[Adhomukhavṛkṣāsana]], [[Añjanēyāsana]], [[Ālāsana]], [[Rājakapotāsana]], [[Bharmanāsana]], [[Dhanurāsana]], [[Ekapādarājakapotāsana]], [[Garuḍāsana]], [[Matsyāsana]], [[Piñchamayūrāsana]], [[Śīrṣāsana]], [[Vajrāsana A]], [[Ūrdhvamukhaśvānāsana]], [[Uṣṭrāsana]].",Eka Pada variation; walk feet in and transition to [[Piñchamayūrāsana]].,"[[Apānāsana]], [[Marīchyāsana]], [[Baddhakoṇāsana B]], [[Ānandabālāsana]], [[Bālāsana]], [[Paścimottānāsana]]."
Eka Pada Bakasana A,एकपादबकासन A,Ekapādabakāsana A,One-Legged Crane Pose A,Eka = one; Pāda = foot; Baka = crane,tṛtīya śreṇī,Galavāsana,Ekapādabakāsana A,x,,x,Apertura,10,"Wrist flexors, shoulder elevators and flexors, obliques, hip extensors. Folded leg: hip adductors, internal rotators of the leg. Extended leg: knee flexors foot dorsiflexors.","Arkarna [[Daṇḍāsana]], [[Aṣṭavakrāsana]], [[Bakāsana B]], [[Ekapādarājakapotāsana]] Prep poses, [[Galavāsana]], [[Marīchyāsana A]] and C.","Front leg: hip adductors and extensors, internal rotators of the leg, knee synergists. Back leg: internal rotators of the leg, knee flexors. Abdominals, transversus abdominis, chest, shoulder stabilizers (emphasis protractors, flexors), external rotators of the arm, elbow synergists, wrist flexors.","[[Añjanēyāsana]], [[Ālāsana]], [[Bālāsana]], [[Bharmanāsana]], [[Phalakāsana]], [[Uttānāsana]], [[Utthitapārśvakoṇāsana]], [[Vīrabhadrāsana A]].",A peak pose! Transition to [[Chaturāṅgadaṇḍāsana]].,"[[Upaviṣṭhakoṇāsana A]], [[Baddhakoṇāsana B]], [[Apānāsana]], [[Bālāsana]], [[Bhuja]]"
Eka Pada Bakasana B,एकपादबकासन B,Ekapādabakāsana B,One-Legged Crane Pose B,Eka = one; Pāda = foot; Baka = crane,tṛtīya śreṇī,Ekapādabakāsana A,Ekapādabakāsana B,x,,,,,,,,,,
Eka Pada Koundinyasana A,कोउण्डिन्यासन A,Kouṇḍinyāsana A,One-Legged Sage Koundinya’s Pose I,Eka = one; Pāda = foot; Named after Sage Koundinya,tṛtīya śreṇī,Ekapādabakāsana B,Kouṇḍinyāsana A,x,,,,10,"Wrist flexors, shoulder elevators, chest, obliques, back extensors. Front leg: hip extensors, external rotators of the leg, knee flexors. Back leg: hip flexors, knee extensors.","[[Ardha Matsyendrāsana]], [[Supta Matsyendrāsana]], Marichyasana B, [[Parivṛttapārśvakoṇāsana]], [[Parivṛttatrikoṇāsana]], [[Pārśvabakāsana]], [[Pārśvottānāsana]].","Wrist synergists, elbow synergists, rotators of the arm, shoulder stabilizers (emphasis protractors, retractors, adductors, flexors), chest, obliques, abdominals, knee extensors, foot dorsiflexors. Lower leg: hip flexors and adductors. Upper leg: hip extensors.","[[Adhomukhaśvānāsana]], [[Ūrdhvamukhaśvānāsana]], [[Ardha Matsyendrāsana]], [[Bakāsana B]], [[Chaturāṅgadaṇḍāsana]],[[Parivṛttārdhacandrāsana]], [[Parivṛttahastapādāṅguṣṭhāsana]], [[Parivṛttapārśvakoṇāsana]], [[Parivṛttatrikoṇāsana]], [[Phalakāsana]].","Transition to [[Chaturāṅgadaṇḍāsana]], add to [[Śīrṣāsana B]] vinyasa, [[Kouṇḍinyāsana A]], [[Galavāsana]].","[[Bhuja]], [[Adhomukhaśvānāsana]], [[Bālāsana]]."
Eka Pada Koundinyasana B,कोउण्डिन्यासन B,Kouṇḍinyāsana B,One-Legged Sage Koundinya’s Pose II,Eka = one; Pāda = foot; Named after Sage Koundinya,tṛtīya śreṇī,Kouṇḍinyāsana A,Kouṇḍinyāsana B,x,,,,10,"Wrist flexors, shoulder elevators, chest, hip adductors. Front leg: hip extensors, internal rotators of the leg, knee flexors. Back leg: hip flexors, knee extensors.","[[Añjanēyāsana]], [[Prasāritapādottānāsana A]], [[Ekapādabakāsana A]], [[Utthitapārśvakoṇāsana]], [[Vīrabhadrāsana B]].","Wrist synergists, elbow synergists, rotators of the arm, shoulder stabilizers (emphasis protractors, retractors, adductors, flexors), chest, obliques, abdominals, knee extensors, foot dorsiflexors. Propped leg: hip flexors and adductors. Back leg: hip extensors, knee extensors.","[[Adhomukhaśvānāsana]], [[Ūrdhvamukhaśvānāsana]], [[Ardhacandrāsana]], [[Bakāsana B]], [[Chaturāṅgadaṇḍāsana]], [[Marīchyāsana A]], [[Phalakāsana]], [[Prasāritapādottānāsana A]], [[Ekapādabakāsana A]], [[Utthitapārśvakoṇāsana]], [[Utthitatrikoṇāsana]], [[Vasiṣṭhāsana]], [[Vīrabhadrāsana B]].","Transition to [[Chaturāṅgadaṇḍāsana]], [[Kouṇḍinyāsana A]], [[Kouṇḍinyāsana A]] A, [[Galavāsana]], add to [[Śīrṣāsana B]] vinyasa.","[[Adhomukhaśvānāsana]], [[Bālāsana]], [[Vinyāsa]], [[Bhuja]]."
Ekapada Raja Kapotasana,एकपादराजकपोतासन,Ekapādarājakapotāsana,One-Legged King Pigeon Pose,Ekapāda = one-legged; Rāja = king; Kapota = pigeon,tṛtīya śreṇī,Rājakapotāsana,Ekapādarājakapotāsana,x,x,,,"13,4","Front leg: hip adductors and extensors, internal rotators of the leg, knee extensors. Back leg: hip flexors, external rotators of the leg, knee flexors. Abdominals, chest, shoulder extensors, retractors and elevators, neck.","[[Adhomukhaśvānāsana]], [[Ūrdhvamukhaśvānāsana]], [[Añjanēyāsana]], [[Ālāsana]], [[Baddhakoṇāsana B]], [[Rājakapotāsana]], [[Garuḍāsana]] arms, [[Gomukhāsana B]], [[Baddhakoṇāsana A]], [[Ekapādabakāsana A]], [[Vīrabhadrāsana A]].","Pelvic floor. Front leg: hip flexors and abductors, knee flexors, foot dorsiflexors. Back leg: hip extensors and adductors, internal rotators of the leg, knee synergists. Transversus abdominis, back extensors, shoulder protractors and flexors, external rotators of the arm.","[[Adhomukhaśvānāsana]], [[Ūrdhvamukhaśvānāsana]], [[Añjanēyāsana]], [[Ālāsana]], [[Rājakapotāsana]], [[Parivṛttapārśvakoṇāsana]], [[Śalabhāsana B]], [[Vīrabhadrāsana A]].",,"[[Vinyāsa]], [[Marīchyāsana]], [[Bālāsana]]."
Ekapada Viparita Dandasana,एकपादविपरीतदण्डासन,Ekapādaviparītadaṇḍāsana,One-Legged Inverted Staff Pose,Ekapāda = one-legged; Viparīta = inverted; Daṇḍa = staff,tṛtīya śreṇī,Dvipādaviparītadaṇḍāsana,Ekapādaviparītadaṇḍāsana,x,,,,,,,,,,
Galavasana,गलवासन​,Galavāsana,Sage Galava’s Pose,Named after Sage Galava,tṛtīya śreṇī,Ūrdhvakukkutāsana,Galavāsana,x,,,,10,"Wrist flexors, shoulder elevators, retractors. Folded leg: hip extensors and adductors, internal rotators of the leg. Extended leg: hip flexors, knee flexors.","[[Bakāsana B]] and its Prep poses, [[Ekapādarājakapotāsana]] and its Prep poses, [[Utkaṭāsana]].","Wrist synergists, elbow synergists, shoulder stabilizers (emphasis flexors, protractors), external rotators of the arm, chest abdominals. Grounded leg: external rotators, hip flexors, knee flexors. Extended leg: hip extensors, knee extensors, foot dorsiflexors.","[[Adhomukhaśvānāsana]], [[Agnistambhāsana]], [[Bakāsana B]], [[Ekapādarājakapotāsana]], [[Gomukhāsana B]], [[Padmāsana]].",[[Ekapādabakāsana A]].,"[[Vinyāsa]], [[Bālāsana]], [[Bhuja]], [[Bālāsana]]."
Ganda Bherundasana,गण्डभेरुण्डासन,Gaṇḍabheruṇḍāsana,Fierce Bird Pose,Gaṇḍa = fierce; Bheruṇḍa = a mythical bird,tṛtīya śreṇī,Viparīcchalabhāsana,Gaṇḍabheruṇḍāsana,x,,,,,,,,,,
Hanumanasana,हनुमानासन​,Hanumānāsana,Hanuman’s Pose,"Named after Hanuman, the monkey god",tṛtīya śreṇī,Suptatrivikramāsana,Hanumānāsana,x,,,,4,"Front leg: calf, knee flexors, hip extensors. Back leg: knee flexors, hip flexors. Abdominals, shoulder retractors, elevators, and extensors, elbow flexors.","[[Añjanēyāsana]], [[Jānuśīrṣāsana A]], [[Suptapādāṅguṣṭhāsana A]], [[Vajrāsana A]], [[Upaviṣṭhakoṇāsana A]], [[Vīrabhadrāsana A]].","Pelvic floor, back extensors, transversus abdominis, hip stabilizers (emphasis flexors, adductors, and rear leg hip extensors), internal rotators of the leg, shoulder flexors, protractors, internal rotators and adductors of the arm, elbow extensors.","[[Añjanēyāsana]], [[Ardhottānāsana]], [[Ālāsana]], [[Rājakapotāsana]], [[Ekapādarājakapotāsana]], [[Suptapādāṅguṣṭhāsana A]], [[Tryaṅgamukhaikapāda Paścimottānāsana]], [[Ūrdhvamukhaśvānāsana]], [[Utthitahastapādāṅguṣṭhāsana A]], [[Vīrabhadrāsana C]].","[[Ekapādarājakapotāsana]], [[Hanumānāsana]] back-bend variation, [[Naṭarājāsana A]]","[[Bālāsana]], [[Ūrdhva Dhanurāsana]]."
Kasyapasana,काश्यपासन​,Kāśyapāsana,Sage Kaśyapa’s Pose,Named after Sage Kaśyapa,tṛtīya śreṇī,Viśvāmitrāsana B,Kāśyapāsana,x,,,,,,,,,,
Nata Rajasana A,नटराजासन A,Naṭarājāsana A,Dancing King Pose A,Naṭa = dancer; Rāja = king,tṛtīya śreṇī,Utthita Trivikramāsana,Naṭarājāsana A,x,,x,Equilibrio,1,"Standing leg: knee flexors. Gesture leg: hip flexors, external rotators, foot dorsiflexors. Abdominals, chest, shoulder extensors and elevators, throat.","[[Adhomukhaśvānāsana]], [[Añjanēyāsana]], [[Ekapādarājakapotāsana]], [[Gomukhāsana B]], [[Baddhakoṇāsana A]], [[Vajrāsana A]], [[Tāḍāsana]], [[Ūrdhva Dhanurāsana]], [[Utthitahastapādāṅguṣṭhāsana A]], [[Vīrabhadrāsana A]] and [[Virabhadrāsana C]].","Standing leg: intrinsic foot muscles, knee extensors. Pelvic floor, back extensors, transversus abdominis, hip stabilizers (emphasis flexors, adductors, and rear leg hip extensors), internal rotators of the leg, shoulder flexors, protractors. Bound arm: internal rotators, elbow extensors.","[[Adhomukhaśvānāsana]], [[Añjanēyāsana]], [[Ardhottānāsana]], [[Ālāsana]], [[Rājakapotāsana]], [[Bhekāsana]], [[Dhanurāsana]], [[Ekapādarājakapotāsana]], [[Laghu Vajrāsana]],[[Rājakapotāsana]], [[Śalabhāsana A]] and [[Śalabhāsana B]], [[Ūrdhvamukhaśvānāsana]], [[Vīrabhadrāsana C]], [[Vṛkṣāsana]].","Drop Backs, [[Ekapādarājakapotāsana]].","[[Ardhottānāsana]], [[Apānāsana]], [[Supta Matsyendrāsana]], [[Marīchyāsana]], [[Paścimottānāsana A]], [[Sarvāṅgāsana]], [[Sarvāṅgāsana]], [[Śavāsana]]."
Nata Rajasana B,नट राजासन B,Naṭarājāsana B,Dancing King Pose B,Naṭa = dancer; Rāja = king,tṛtīya śreṇī,Naṭarājāsana A,Naṭarājāsana B,x,,,,,,,,,,
Purna Matsyendrasana,पूर्णमत्स्येन्द्रासन,Pūrṇamatsyendrāsana,Full Lord of the Fishes Pose,Pūrṇa = full; Named after Sage Matsyendra,tṛtīya śreṇī,Aṣṭavakrāsana,Pūrṇamatsyendrāsana,x,,,,,,,,,,
Raja Kapotasana,राजकपोतासन,Rājakapotāsana,King Pigeon Pose,Rāja = king; Kapota = pigeon,tṛtīya śreṇī,Naṭarājāsana B,Rājakapotāsana,x,,,,13,"Knee flexors, hip flexors, abdominals, chest, shoulder elevators and flexors, wrist flexors.","[[Bharmanāsana]]. In it’s gradual expression, an  pose for back bends.","Wrist flexors, elbow flexors, rotators of the arm, chest, shoulder stabilizers (emphasis adductors, protractors, and retractors), transversus abdominis, spine extensors, hip extensors, knee extensors, calves.","[[Bharmanāsana]]. In its gradual expression, a preparatory pose for back bends.","[[Ūrdhvamukhaśvānāsana]],[[Rājakapotāsana]], [[Uṣṭrāsana]], [[Bhekāsana]], [[Ekapādabakāsana A]].","[[Adhomukhaśvānāsana]], [[Bālāsana]], [[Supta Matsyendrāsana]], [[Apānāsana]], [[Baddhakoṇāsana B]]."
Skandasana,स्कन्दासन​,Skandāsana,Warrior God Skanda’s Pose,"Named after Skanda, the warrior god",tṛtīya śreṇī,Bhairavāsana,Skandāsana,x,,,,,,,,,,
Supta Trivikramasana,सुप्तत्रिविक्रमासन,Suptatrivikramāsana,Reclined Trivikrama Pose,Supta = reclined; Trivikrama = three steps (an epithet of Vishnu),tṛtīya śreṇī,Gaṇḍabheruṇḍāsana,Suptatrivikramāsana,x,,,,,,,,,,
Urdhva Kukkutasana,ऊर्ध्वकुक्कुतासन,Ūrdhvakukkutāsana,Upward Rooster Pose,Ūrdhva = upward; Kukkuta = rooster,tṛtīya śreṇī,Ūrdhvakukkutāsana C,Ūrdhvakukkutāsana,x,,,,"4,10","Wrist flexors, elbow flexors, shoulder elevators and retractors, back extensors, hip adductors and extensors, internal rotators of the leg, knee extensors.","[[Bakāsana B]] and its Prep poses, [[Padmāsana]] and its Prep poses, [[Śīrṣāsana]]I.","Wrist synergists, elbow synergists, shoulder stabilizers (emphasis flexors, protractors), external rotators of the arm, chest abdominals, hip adductors and flexors, pelvic floor, knee flexors, foot dorsiflexors.","[[Adhomukhaśvānāsana]], [[Agnistambhāsana]], [[Ardhabaddhapadmottānāsana]], [[Bakāsana B]], [[Bhujapīḍāsana]], [[Chaturāṅgadaṇḍāsana]], [[Jānuśīrṣāsana A]], [[Kūrmāsana]], [[Lolasana]], [[Mālāsana]], [[Prasāritapādottānāsana A]], [[Tiṭṭibhāsana A]], [[Utplutiḥ]], [[Ekapādabakāsana A]].",Add to [[Śīrṣāsana]] vinyasa; transition into asana from [[Adhomukhavṛkṣāsana]].,"[[Vinyāsa]], [[Bālāsana]], [[Baddhakoṇāsana B]], [[Bhuja]]."
Urdhva Kukkutasana A,ऊर्ध्वकुक्कुतासन A,Ūrdhvakukkutāsana A,Upward Rooster Pose,Ūrdhva = upward; Kukkuta = rooster,tṛtīya śreṇī,Durvāsana,Ūrdhvakukkutāsana A,x,,,,,,,,,,
Urdhva Kukkutasana B,ऊर्ध्वकुक्कुतासन B,Ūrdhvakukkutāsana B,Upward Rooster Pose,Ūrdhva = upward; Kukkuta = rooster,tṛtīya śreṇī,Ūrdhvakukkutāsana A,Ūrdhvakukkutāsana B,x,,,,,,,,,,
Urdhva Kukkutasana C,ऊर्ध्वकुक्कुतासन C,Ūrdhvakukkutāsana C,Upward Rooster Pose,Ūrdhva = upward; Kukkuta = rooster,tṛtīya śreṇī,Ūrdhvakukkutāsana B,Ūrdhvakukkutāsana C,x,,,,,,,,,,
Utthita Trivikrmasana,उत्थित त्रिविक्रमासन​,Utthita Trivikramāsana,Extended Trivikrama Pose,Utthita = extended; Trivikrama = three steps (an epithet of Vishnu),tṛtīya śreṇī,Dikāsana B,Utthita Trivikramāsana,x,,,,,,,,,,
Vasisthasana,वसिष्ठासन​,Vasiṣṭhāsana,Side Plank Pose,Named after Sage Vasiṣṭha,tṛtīya śreṇī,Pārśvottānāsana,Vasiṣṭhāsana,x,,x,Entrega,4,"Shoulder elevators and retractors, chest.","[[Adhomukhaśvānāsana]], [[Ardhacandrāsana]], [[Phalakāsana]], [[Prasāritapādottānāsana B]] and D, [[Suptapādāṅguṣṭhāsana A]], [[Utthitahastapādāṅguṣṭhāsana A]], [[Utthitatrikoṇāsana]], [[Vṛkṣāsana]].","Grounded leg: intrinsic foot muscles. Hip stabilizers, (emphasis abductors, external rotators of the leg). Extended leg: external rotators, hip flexors. Knee extensors, back extensors, transversus abdominis, obliques. Grounded arm: wrist synergists. Top arm: shoulder retractors, protractors, and flexors. Elbow extensors.","[[Adhomukhaśvānāsana]], [[Ardhacandrāsana]], [[Ardhottānāsana]], [[Ālāsana]], [[Chaturāṅgadaṇḍāsana]], [[Parighāsana]], [[Phalakāsana]], [[Tāḍāsana]], [[Utthitapārśvakoṇāsana]], [[Utthitatrikoṇāsana]], [[Vīrabhadrāsana B]].",Transition to [[Vasiṣṭhāsana]] or [[Kouṇḍinyāsana A]] A.,"[[Vinyāsa]], [[Ūrdhvamukhaśvānāsana]], [[Adhomukhaśvānāsana]], [[Gomukhāsana B]], [[Bhuja]], [[Bālāsana]]."
Viparita Salabhasana,विपरीच्छलभासन,Viparīcchalabhāsana,Inverted Locust Pose,Viparīta = inverted; Śalabhā = locust,tṛtīya śreṇī,Ekapādaviparītadaṇḍāsana,Viparīcchalabhāsana,x,,,,,,,,,,
Viranchyasana A,विरञ्छ्यासन A,Virañchyāsana A,Sage Virañcha’s Pose A,Named after Sage Virañcha,tṛtīya śreṇī,Pūrṇamatsyendrāsana,Virañchyāsana A,x,,,,,,,,,,
Viranchyasana B,विरञ्छ्यासन B,Virañchyāsana B,Sage Virañcha’s Pose B,Named after Sage Virañcha,tṛtīya śreṇī,Virañchyāsana A,Virañchyāsana B,x,,,,,,,,,,
Visvamitrasana A,विश्वामित्रासन A,Viśvāmitrāsana A,Sage Visvamitra’s Pose,Named after Sage Visvamitra,tṛtīya śreṇī,Vasiṣṭhāsana,Viśvāmitrāsana A,x,,,,,,,,,,
Visvamitrasana B,विश्वामित्रासन B,Viśvāmitrāsana B,Sage Visvamitra’s Pose,Named after Sage Visvamitra,tṛtīya śreṇī,Viśvāmitrāsana A,Viśvāmitrāsana B,x,,,,,,,,,,
Ardha Baddha Padma Paschimottanasana,अर्धबद्धपद्मपश्चिमोत्तानासन,Ardhabaddhapadmapaścimottānāsana,Half Bound Lotus Forward Bend,Ardha = half; Baddha = bound; Padma = lotus; Paścima = west; Uttāna = intense stretch,yoga cikitsā,Pūrvottānāsana,Ardhabaddhapadmapaścimottānāsana,x,,,,,,,,,,
Ardha Baddha Padmottanasana,अर्धबद्धपद्मोत्तानासन,Ardhabaddhapadmottānāsana,Half Bound Lotus Forward Bend,Ardha = half; Baddha = bound; Padma = lotus; Uttāna = intense stretch,yoga cikitsā,Utthitahastapādāṅguṣṭhāsana C,Ardhabaddhapadmottānāsana,x,,,,8,"Standing leg: knee flexors, hip extensors. Folded leg: knee extensors, hip adductors, internal rotators of the leg. Back extensors, shoulder extensors of bound arm.","[[Adhomukhaśvānāsana]], [[Agnistambhāsana]], [[Gomukhāsana B]], [[Jānuśīrṣāsana A]], [[Padmāsana]], [[Paścimottānāsana A]], [[Uttānāsana]], [[Vṛkṣāsana]].","Standing leg: intrinsic muscles of foot, knee extensors, hip abductors, adductors and extensors, internal rotators of leg.","[[Adhomukhaśvānāsana]], [[Ardhottānāsana]], [[Jānuśīrṣāsana A]], [[Padmāsana]], [[Pārśvottānāsana]], [[Paścimottānāsana A]], [[Tāḍāsana]], [[Uttānāsana]], [[Vṛkṣāsana]].","Other [[Padmāsana]] poses: [[Kukkuṭāsana]], [[Ardhabaddhapadmapaścimottānāsana]]; [[Ardhabaddhapadmapaścimottānāsana]] to [[Chaturāṅgadaṇḍāsana]] (keeping Half Lotus positioning), to [[Adhomukhaśvānāsana]], hop forward to [[Tāḍāsana]]; [[Bharadvājāsana]].","[[Tāḍāsana]], [[Vinyāsa]], [[Ūrdhvamukhaśvānāsana]], [[Adhomukhaśvānāsana]]."
Baddha Konasana A,बद्धकोणासन A,Baddhakoṇāsana A,Bound Angle Pose A,Baddha = bound; Koṇa = angle,yoga cikitsā,Kukkuṭāsana,Baddhakoṇāsana A,x,x,,,4,"Calves, knee flexors, hip extensors, shoulder extensors and retractors, internal rotators of the arm.","[[Anāhatāsana]], [[Ardhottānāsana]], [[Bharmanāsana]], [[Phalakāsana]], [[Uttānāsana]], [[Anāhatāsana]]. For arms and shoulders these respective arm forms: [[Tāḍāsana]], [[Gomukhāsana B]], [[Garuḍāsana]].","Intrinsic foot muscles, internal rotators of the leg, hip flexors and adductors, back extensors, transversus abdominis, shoulder stabilizers (emphasis protractors, flexors), external rotators of the arm, elbow flexors, wrist flexors.","[[Adhomukhaśvānāsana]], [[Ardhottānāsana]], [[Bharmanāsana]], [[Chaturāṅgadaṇḍāsana]], [[Garuḍāsana]], [[Phalakāsana]], [[Uttānāsana]].","Other back bends, such as [[Rājakapotāsana]], [[Bhekāsana]], [[Dhanurāsana]], [[Kapotāsana B]], [[Laghu Vajrāsana]],[[Rājakapotāsana]], [[Ūrdhva Dhanurāsana]].","[[Bālāsana]], [[Paścimottānāsana]], [[Marīchyāsana]], [[Baddhakoṇāsana B]]."
Baddha Konasana B,बद्धकोणासन B,Baddhakoṇāsana B,Bound Angle Pose B,Baddha = bound; Koṇa = angle,yoga cikitsā,Baddhakoṇāsana A,Baddhakoṇāsana B,x,,,,4,"Hip adductors, internal rotators of the leg, abdominals, chest.","[[Baddhakoṇāsana B]] and its Prep poses, [[Suptapādāṅguṣṭhāsana A]], [[Vajrāsana A]], [[Utthitatrikoṇāsana]], [[Vīrabhadrāsana B]].",The strap and bolster.,In itself a restorative that can be practiced independently or after any practice.,"Practice with a block under the sacrum or along the spine between shoulder blades; place sandbags on the thighs, or bolster along the spine.","[[Apānāsana]], [[Ānandabālāsana]], [[Supta Matsyendrāsana]], [[Sarvāṅgāsana]], [[Śavāsana]]."
Bhujapidasana,भुजपीडासन​,Bhujapīḍāsana,Shoulder-Pressing Pose,Bhuja = arm; Pīḍa = pressure,yoga cikitsā,Nāvāsana,Bhujapīḍāsana,x,,,,1,"Wrist flexors, shoulder retractors and elevators, hip extensors, back extensors, knee flexors.","[[Adhomukhaśvānāsana]], [[Bharmanāsana]], [[Garuḍāsana]], [[Kūrmāsana]], [[Mālāsana]], [[Ekapādabakāsana A]], [[Prasāritapādottānāsana A]].","Wrist synergists, elbow synergists, shoulder stabilizers (emphasis flexors, protractors), external rotators of the arm, chest, abdominals, hip adductors and flexors, pelvic floor, knee extensors, foot dorsiflexors.","[[Adhomukhaśvānāsana]], [[Bakāsana B]], [[Bharmanāsana]], [[Chaturāṅgadaṇḍāsana]], [[Garuḍāsana]], [[Marīchyāsana A]], [[Nāvāsana]], [[Prasāritapādottānāsana A]]","[[Tiṭṭibhāsana A]], [[Bakāsana B]], [[Aṣṭavakrāsana]].","[[Adhomukhaśvānāsana]], [[Bālāsana]], [[Bhuja]]."
Dandasana,दण्डासन​,Daṇḍāsana,Staff Pose,Daṇḍa = staff,yoga cikitsā,Vīrabhadrāsana B,Daṇḍāsana,x,,,,4,"Calves, knee flexors, hip extensors, elbow flexors, shoulder elevators.","[[Adhomukhaśvānāsana]], [[Ardhottānāsana]], [[Suptapādāṅguṣṭhāsana A]], [[Uttānāsana]].","Hip flexors and adductors, internal rotators of the leg, knee extensors, foot dorsiflexors, back extensors, transversus abdominis, shoulder synergists (emphasis protractors, retractors, extensors), external rotators of the arm.","[[Adhomukhaśvānāsana]], [[Ardhottānāsana]], [[Suptapādāṅguṣṭhāsana A]], [[Uttānāsana]].","[[Paścimottānāsana]], hip openers, and twists; [[Pūrvottānāsana]]","[[Apānāsana]], [[Baddhakoṇāsana B]], [[Baddhakoṇāsana B]], [[Sarvāṅgāsana]], [[Śavāsana]]."
Garbha Pindasana,गर्भपिण्डासन,Garbhapiṇḍāsana,Embryo in the Womb Pose,Garbha = womb; Piṇḍa = embryo,yoga cikitsā,Suptakūrmāsana,Garbhapiṇḍāsana,x,,,,4,"Hip adductors and extensors, internal rotators of the leg, back extensors, shoulder retractors and elevators.","[[Adhomukhaśvānāsana]], [[Agnistambhāsana]], [[Ardhabaddhapadmottānāsana]], [[Baddhakoṇāsana B]], [[Bālāsana]], [[Mālāsana]], [[Marīchyāsana A]], [[Pādāṅguṣṭhāsana]], [[Padmāsana]], [[Paścimottānāsana A]], [[Piṇḍāsana]], [[Prasāritapādottānāsana A]] and D, [[Ūrdhvamukhapaścimottānāsana]], [[Uttānāsana]].","Hip flexors, external rotators of the leg, pelvic floor, abdominals, back extensors, knee flexors, shoulder retractors and adductors, elbow flexors.","[[Agnistambhāsana]], [[Baddhakoṇāsana B]], [[Kūrmāsana]], [[Mālāsana]], [[Padmāsana]], [[Prasāritapādottānāsana A]], [[Ubhayapādāṅguṣṭhāsana]], [[Upaviṣṭhakoṇāsana A]], [[Ekapādabakāsana A]], [[Uttānāsana]].","[[Piṇḍāsana]], [[Matsyāsana]].","[[Matsyāsana]] Prep, [[Uttānapādāsana]], [[Śavāsana]]."
Janu Sirsasana A,जानुशीर्षासन A,Jānuśīrṣāsana A,Head to Knee Pose A,Jānu = knee; Śīrṣa = head,yoga cikitsā,Tryaṅgamukhaikapāda Paścimottānāsana,Jānuśīrṣāsana A,x,x,,Apertura,4,"Extended leg: calf, knee flexors, hip extensors. Folded leg: knee extensors, hip adductors, rotators, and extensors. Back extensors, shoulder retractors and elevators.","[[Baddhakoṇāsana B]], [[Daṇḍāsana]], [[Paścimottānāsana A]], [[Suptapādāṅguṣṭhāsana A]], [[Vṛkṣāsana]].","Hip flexors. Extended leg: internal rotators, knee extensors, foot dorsiflexors. Folded leg: external rotators, knee flexors. Transversus abdominis, back extensors, obliques, shoulder depressors.","[[Baddhakoṇāsana B]], [[Daṇḍāsana]], [[Prasāritapādottānāsana A]], [[Prasāritapādottānāsana B]] and [[Prasāritapādottānāsana D]], [[Upaviṣṭhakoṇāsana A]], [[Uttānāsana]].","[[Parivṛtta Jānuśīrṣāsana]], [[Upaviṣṭhakoṇāsana A]], [[Tryaṅgamukhaikapāda Paścimottānāsana]].","[[Apānāsana]], [[Ūrdhva Dhanurāsana]], [[Gomukhāsana B]]."
Janu Sirsasana B,जानुशीर्षासन B,Jānuśīrṣāsana B,Head to Knee Pose B,Jānu = knee; Śīrṣa = head,yoga cikitsā,Jānuśīrṣāsana A,Jānuśīrṣāsana B,x,,,,,,,,,,
Janu Sirsasana C,जानुशीर्षासन C,Jānuśīrṣāsana C,Head to Knee Pose C,Jānu = knee; Śīrṣa = head,yoga cikitsā,Jānuśīrṣāsana B,Jānuśīrṣāsana C,x,,,,,,,,,,
Kukkutasana,कुक्कुटासन​,Kukkuṭāsana,Cockerel Pose,Kukkuṭa = rooster,yoga cikitsā,Piṇḍāsana,Kukkuṭāsana,x,,,,10,"Hip adductors and extensors, internal rotators of the leg. Back extensors, chest, shoulder retractors and elevators, elbow flexors.","[[Bakāsana B]], [[Padmāsana]] and its Prep poses.","Wrist synergists, elbow synergists, shoulder stabilizers (emphasis flexors, protractors), external rotators of the arm, chest abdominals, hip adductors and flexors, pelvic floor, knee flexors, foot dorsiflexors.","[[Adhomukhaśvānāsana]], [[Agnistambhāsana]], [[Ardhabaddhapadmottānāsana]], [[Bakāsana B]], [[Bhujapīḍāsana]], [[Chaturāṅgadaṇḍāsana]], [[Garbhapiṇḍāsana]], [[Jānuśīrṣāsana A]], [[Kūrmāsana]], [[Lolasana]], [[Mālāsana]], [[Prasāritapādottānāsana A]], [[Tiṭṭibhāsana A]], [[Utplutiḥ]], [[Ūrdhvakukkutāsana]], [[Ekapādabakāsana A]].",[[Ūrdhvakukkutāsana]].,"[[Daṇḍāsana]], [[Paścimottānāsana A]], [[Gomukhāsana B]], [[Bālāsana]]."
Kurmasana,कूर्मासन​,Kūrmāsana,Tortoise Pose,Kūrma = tortoise,yoga cikitsā,Bhujapīḍāsana,Kūrmāsana,x,,,,4,"Hip adductors and extensors, internal rotators of the leg. Back extensors, shoulder retractors and elevators.","[[Baddhakoṇāsana B]], [[Daṇḍāsana]], [[Paścimottānāsana A]], [[Upaviṣṭhakoṇāsana A]].","Hip synergists, external rotators of the leg, back extensors, abdominals, shoulder stabilizers (emphasis depressors, protractors), internal rotators of the arm, elbow extensors.","[[Daṇḍāsana]], [[Ekapādaśīrṣāsana]], [[Jānuśīrṣāsana A]], [[Mālāsana]], [[Marīchyāsana A]], [[Paścimottānāsana A]], [[Prasāritapādottānāsana A]], [[Uttānāsana]].","[[Tiṭṭibhāsana A]], [[Ekapādaśīrṣāsana]], [[Suptakūrmāsana]].","[[Marīchyāsana]], [[Ūrdhva Dhanurāsana]], [[Apānāsana]], [[Bālāsana]]."
Marichyasana A,मरीछ्यासन A,Marīchyāsana A,Sage Marichi’s Pose A,Named after Sage Marichi,yoga cikitsā,Jānuśīrṣāsana C,Marīchyāsana A,x,,,,6,"Grounded leg: calf, knee flexors. Gesture leg: knee extensors, external rotators. Hip extensors, back extensors, shoulder retractors, elevators.","[[Añjanēyāsana]], [[Ardhabaddhapadmottānāsana]], [[Daṇḍāsana]], [[Paścimottānāsana A]].","Hip flexors and adductors. Extended leg: internal rotators, knee extensors, foot dorsiflexors. Folded leg: internal rotators, knee flexors. Abdominals, back extensors, obliques, shoulder depressors and extensors, elbow flexors.","[[Adhomukhaśvānāsana]], [[Agnistambhāsana]], [[Daṇḍāsana]], [[Ekapādaśīrṣāsana]], [[Prasāritapādottānāsana A]], [[Ekapādabakāsana A]], [[Uttānāsana]].","[[Ākarṇa Dhanurāsana]], [[Bakāsana B]], [[Bhujapīḍāsana]], [[Mālāsana]], [[Tiṭṭibhāsana A]], [[Ekapādaśīrṣāsana]], [[Tryaṅgamukhaikapāda Paścimottānāsana]].","[[Apānāsana]], [[Baddhakoṇāsana B]], [[Supta Matsyendrāsana]], [[Ānandabālāsana]]."
Marichyasana B,मरीछ्यासन B,Marīchyāsana B,Sage Marichi’s Pose B,Named after Sage Marichi,yoga cikitsā,Marīchyāsana A,Marīchyāsana B,x,,,,,,,,,,
Marichyasana C,मरीछ्यासन C,Marīchyāsana C,Sage Marichi’s Pose C,Named after Sage Marichi,yoga cikitsā,Marīchyāsana B,Marīchyāsana C,x,,,,6,"Grounded leg: calf, knee flexors. Gesture leg: knee extensors, external rotators. Hip extensors, back extensors, obliques, chest, shoulder retractors and elevators, throat.","[[Marīchyāsana A]] and its Prep poses, [[Ardha Matsyendrāsana]].","Hip flexors and adductors. Extended leg: internal rotators, knee extensors, foot dorsiflexors. Folded leg: hip abductors, knee flexors. Abdominals, back extensors, obliques, shoulder depressors and extensors, elbow flexors.","[[Adhomukhaśvānāsana]], [[Ardha Matsyendrāsana]], [[Ardhottānāsana]], [[Daṇḍāsana]], [[Parivṛttahastapādāṅguṣṭhāsana]], [[Parivṛttapārśvakoṇāsana]], [[Parivṛttotkaṭāsana]], [[Ekapādabakāsana A]].","[[Ardha Matsyendrāsana]], [[Bharadvājāsana]], [[Pārśvabakāsana]], [[Kouṇḍinyāsana B]].","Symmetrical forward bends, [[Baddhakoṇāsana B]], [[Upaviṣṭhakoṇāsana A]], [[Baddhakoṇāsana B]]."
Marichyasana D,मरीछ्यासन D,Marīchyāsana D,Sage Marichi’s Pose D,Named after Sage Marichi,yoga cikitsā,Marīchyāsana C,Marīchyāsana D,x,,,,,,,,,,
Navasana,नावासन​,Nāvāsana,Boat Pose,Nāva = boat,yoga cikitsā,Marīchyāsana D,Nāvāsana,x,,x,Esfuerzo,14,"Hip extensors, knee flexors, back extensors, chest, shoulder retractors and elevators.","[[Adhomukhaśvānāsana]], [[Ardhottānāsana]], [[Bharmanāsana]], [[Chaturāṅgadaṇḍāsana]], [[Daṇḍāsana]], [[Suptapādāṅguṣṭhāsana A]], [[Uttānāsana]].","Hip flexors, adductors, internal rotators of the leg, knee extensors, calves, back extensors, transversus abdominis, shoulder protractors and retractors, external rotators of the arm.","[[Adhomukhaśvānāsana]], [[Ardhottānāsana]], [[Bharmanāsana]], [[Daṇḍāsana]], [[Suptapādāṅguṣṭhāsana A]], [[Uttānāsana]], [[Utthitahastapādāṅguṣṭhāsana A]], [[Tapas]].","Transition to Ardha [[Nāvāsana]] with kapalabhati pranayama, then back up; press into [[Lolasana]] between rounds; [[Utplutiḥ]], [[Ubhayapādāṅguṣṭhāsana]], [[Ūrdhvamukhapaścimottānāsana]].",
Paschimottanasana A,पश्चिमोत्तानासन अ,Paścimottānāsana A,Seated Forward Bend A,Paścima = west; Uttāna = intense stretch,yoga cikitsā,Daṇḍāsana,Paścimottānāsana A,x,,,,7,"Calves, knee flexors, hip extensors, back extensors, shoulder retractors and elevators, chest, shoulder extensors.","[[Adhomukhaśvānāsana]], [[Bālāsana]], [[Daṇḍāsana]], [[Jānuśīrṣāsana A]], [[Suptapādāṅguṣṭhāsana A]].","Hip flexors, internal rotators of the leg, knee extensors, foot dorsiflexors, transversus abdominis, back extensors, shoulder depressors.","[[Adhomukhaśvānāsana]], [[Agnistambhāsana]], [[Ardhottānāsana]], [[Bālāsana]], [[Daṇḍāsana]], [[Halāsana]], [[Karṇapīḍāsana]], [[Pādahastāsana]], [[Pādāṅguṣṭhāsana]], [[Pārśvottānāsana]], [[Prasāritapādottānāsana D]], [[Suptapādāṅguṣṭhāsana A]], [[Upaviṣṭhakoṇāsana A]], [[Uttānāsana]].","Transition to [[Halāsana]], [[Sarvāṅgāsana]], [[Karṇapīḍāsana]]; [[Upaviṣṭhakoṇāsana A]], [[Tryaṅgamukhaikapāda Paścimottānāsana]], [[Krouncāsana]], [[Kūrmāsana]], [[Ubhayapādāṅguṣṭhāsana]], [[Ūrdhvamukhapaścimottānāsana]].","[[Marīchyāsana]] and [[Supta Matsyendrāsana]], [[Baddhakoṇāsana B]], [[Apānāsana]], [[Śavāsana]]."
Paschimottanasana D,पश्चिमोत्तानासन च्,Paścimottānāsana C,Seated Forward Bend C,Paścima = west; Uttāna = intense stretch,yoga cikitsā,Paścimottānāsana A,Paścimottānāsana C,x,,,,,,,,,,
Pindasana,पिण्डासन​,Piṇḍāsana,Embryo Pose,Piṇḍa = embryo,yoga cikitsā,Garbhapiṇḍāsana,Piṇḍāsana,x,,,,"4,11","Hip adductors and extensors, internal rotators of the leg, back extensors, shoulder retractors and elevators.",[[Ūrdhvapadmāsana]] and its Prep poses.,"Shoulder stabilizers (emphasis retractors, adductors), back extensors, hip extensors, abdominals.","[[Adhomukhaśvānāsana]], [[Ardhabaddhapadmottānāsana]], [[Baddhakoṇāsana B]], [[Bhujapīḍāsana]], [[Garbhapiṇḍāsana]], [[Halāsana]], [[Karṇapīḍāsana]], [[Kūrmāsana]], [[Marīchyāsana A]], [[Padmāsana]], [[Paścimottānāsana A]], [[Sarvāṅgāsana]], [[Upaviṣṭhakoṇāsana A]], [[Ūrdhvapadmāsana]], [[Uttānāsana]].","Transition to [[Matsyāsana]], to [[Uttānapādāsana]], to [[Cakorāsana]].","[[Matsyāsana]] Prep, [[Uttānapādāsana]], [[Śavāsana]]."
Purvatanasana,पूर्वोत्तानासन​,Pūrvottānāsana,Upward Plank Pose,Pūrva = east; Uttāna = intense stretch,yoga cikitsā,Paścimottānāsana C,Pūrvottānāsana,x,,,,8,"Foot dorsiflexors, hip flexors, abdominals, chest, shoulder flexors and elevators, throat.","[[Añjanēyāsana]], [[Prasāritapādottānāsana C]], [[Ūrdhva Dhanurāsana]], [[Uṣṭrāsana]], [[Vīrabhadrāsana A]].","Wrist synergists, internal rotators of the arm, shoulder stabilizers (emphasis retractors, depressors), throat, back extensors, transversus abdominis, hip extensors and adductors, calves.","[[Adhomukhaśvānāsana]], [[Ardhottānāsana]], [[Chaturāṅgadaṇḍāsana]], [[Daṇḍāsana]], [[Matsyāsana]], [[Nāvāsana]], [[Phalakāsana]], [[Śalabhāsana A]] and [[Śalabhāsana B]], [[Sarvāṅgāsana]], [[Ūrdhva Dhanurāsana]], [[Vajrāsana A]], [[Tāḍāsana]], [[Ūrdhva Dhanurāsana]], [[Ūrdhvamukhaśvānāsana]], [[Uṣṭrāsana]], [[Vasiṣṭhāsana]].","Eka Pada Variation, “flipping” your [[Adhomukhaśvānāsana]]","[[Adhomukhaśvānāsana]], [[Bhuja]], [[Bālāsana]], [[Supta Matsyendrāsana]], [[Paścimottānāsana]]."
Setu Bandhasana,सेतुबन्धासन,Setubandhāsana,Bridge Pose,Setu = bridge; Bandha = lock,yoga cikitsā,Ūrdhvamukhapaścimottānāsana,Ūrdhva Dhanurāsana,x,,,,13,"Foot dorsiflexors, knee flexors, hip flexors, abdominals, chest, shoulder retractors, throat.","[[Matsyāsana]], [[Śalabhāsana A]] and [[Śalabhāsana B]], [[Śīrṣāsana]]I, [[Ūrdhva Dhanurāsana]], [[Ūrdhvamukhaśvānāsana]], [[Dvipādaviparītadaṇḍāsana]].","Neck, shoulder protractors, retractors, and adductors, back extensors, transversus abdominis, hip extensors and adductors, internal rotators of the leg, knee extensors, foot dorsiflexors.","[[Añjanēyāsana]], [[Ālāsana]], [[Bhekāsana]], [[Rājakapotāsana]], [[Bharmanāsana]], [[Dhanurāsana]], [[Ekapādarājakapotāsana]],[[Rājakapotāsana]], [[Ūrdhva Dhanurāsana]], [[Śalabhāsana A]] and [[Śalabhāsana B]], [[Śīrṣāsana]], [[Vajrāsana A]], [[Ūrdhva Dhanurāsana]], [[Ūrdhvamukhaśvānāsana]], [[Uṣṭrāsana]], [[Dvipādaviparītadaṇḍāsana]].",This is a peak pose!,"[[Adhomukhaśvānāsana]], [[Śirṣa]], [[Sarvāṅgāsana]], [[Śavāsana]]."
Supta Konasana,सुप्तकोणासन,Suptakoṇāsana,Reclined Wide-Angle Pose,Supta = reclined; Koṇa = angle,yoga cikitsā,Upaviṣṭhakoṇāsana B,Suptakoṇāsana,x,x,,,,,,,,,
Supta Kurmasana,सुप्तकूर्मासन,Suptakūrmāsana,Sleeping Tortoise Pose,Supta = sleeping; Kūrma = tortoise,yoga cikitsā,Kūrmāsana,Suptakūrmāsana,x,,,,,,,,,,
Supta Padangusthasana A,सुप्तपादाङ्गुष्ठासन A,Suptapādāṅguṣṭhāsana A,Reclined Hand to Big Toe Pose A,Supta = reclined; Pāda = foot; Aṅguṣṭha = big toe,yoga cikitsā,Suptakoṇāsana,Suptapādāṅguṣṭhāsana A,x,x,,,4,"Grounded leg: foot dorsiflexors, knee flexors, hip flexors. Gesture leg: hip extensors, knee flexors. Back extensors, shoulder elevators, neck.","[[Adhomukhaśvānāsana]], [[Apānāsana]], [[Baddhakoṇāsana B]].","Grounded leg: hip extensors and adductors. Extended leg: hip flexors. Internal rotators of the leg, knee extensors, foot dorsiflexors, obliques, transversus abdominis, shoulder retractors.","In itself a preparation and restorative lala hip extensors and calves. [[Adhomukhaśvānāsana]], [[Daṇḍāsana]], [[Tāḍāsana]], [[Ekapādabakāsana A]].","[[Suptakoṇāsana]], [[Upaviṣṭhakoṇāsana A]], [[Kūrmāsana]], [[Ubhayapādāṅguṣṭhāsana]], [[Ūrdhvamukhapaścimottānāsana]], [[Utthitahastapādāṅguṣṭhāsana A]].","[[Apānāsana]], [[Supta Matsyendrāsana]], [[Sarvāṅgāsana]], [[Śavāsana]]."
Supta Padangusthasana B,सुप्तपादाङ्गुष्ठासन B,Suptapādāṅguṣṭhāsana B,Reclined Hand to Big Toe Pose B,Supta = reclined; Pāda = foot; Aṅguṣṭha = big toe,yoga cikitsā,Suptapādāṅguṣṭhāsana A,Suptapādāṅguṣṭhāsana B,x,x,,,,,,,,,
Tri-anga Mukha Eka Pada Pashchimottanasana,त्र्यङ्गमुखैकपादपश्चिमोत्तानासन,Tryaṅgamukhaikapāda Paścimottānāsana,Three-Limbed Forward Bend,Triaṅga = three limbs; Mukha = face; Eka = one; Pāda = foot; Paścima = west; Uttāna = intense stretch,yoga cikitsā,Ardhabaddhapadmapaścimottānāsana,Tryaṅgamukhaikapāda Paścimottānāsana,x,,,,7,"[[Vīrabhadrāsana A]] leg: foot dorsiflexors, knee extensors. Extended leg: calf, knee flexors. Hip extensors, back extensors, shoulder extensors, retractors, and elevators.","[[Daṇḍāsana]], [[Jānuśīrṣāsana A]], [[Paścimottānāsana A]], [[Vīrabhadrāsana A]]","Hip flexors. Extended leg: internal rotators, knee extensors, foot dorsiflexors. Folded leg: internal rotators, knee flexors. Hip adductors, transversus abdominis, back extensors, obliques, shoulder depressors.","[[Adhomukhaśvānāsana]], [[Bharadvājāsana]] and B, [[Bālāsana]], [[Daṇḍāsana]], [[Garuḍāsana]], [[Marīchyāsana A]] and C, [[Pādahastāsana]], [[Pādāṅguṣṭhāsana]], [[Parivṛttotkaṭāsana]], [[Paścimottānāsana A]], [[Vīrabhadrāsana A]].","[[Krouncāsana]], [[Ubhayapādāṅguṣṭhāsana]], [[Ūrdhvamukhapaścimottānāsana]].","[[Ūrdhvamukhaśvānāsana]], [[Adhomukhaśvānāsana]], [[Apānāsana]], [[Ānandabālāsana]], [[Supta Matsyendrāsana]]."
Ubhaya Padangusthasana,उभयपादाङ्गुष्ठासन,Ubhayapādāṅguṣṭhāsana,Both Big Toes Pose,Ubhaya = both; Pāda = foot; Aṅguṣṭha = big toe,yoga cikitsā,Suptapādāṅguṣṭhāsana B,Ubhayapādāṅguṣṭhāsana,x,,,,"10,4","Hip extensors, back extensors, shoulder retractors, chest, shoulder elevators, knee flexors, foot dorsiflexors.","[[Adhomukhaśvānāsana]], [[Bharmanāsana]], [[Chaturāṅgadaṇḍāsana]], [[Daṇḍāsana]], [[Nāvāsana]], [[Pādāṅguṣṭhāsana]], [[Pārśvottānāsana]], [[Phalakāsana]], [[Prasāritapādottānāsana D]], [[Suptapādāṅguṣṭhāsana A]], [[Tāḍāsana]], [[Upaviṣṭhakoṇāsana A]], [[Uttānāsana]], [[Utthitahastapādāṅguṣṭhāsana A]] .","Hip flexors, adductors, internal rotators of the leg, knee extensors, foot dorsiflexors, back extensors, abdominals, shoulder protractors and retractors, elbow extensors.","[[Adhomukhaśvānāsana]], [[Ardhottānāsana]], [[Bālāsana]], [[Daṇḍāsana]], [[Marīchyāsana A]], [[Nāvāsana]], [[Pādāṅguṣṭhāsana]], [[Pārśvottānāsana]], [[Prasāritapādottānāsana D]], [[Upaviṣṭhakoṇāsana A]], [[Utthitahastapādāṅguṣṭhāsana A]] .","[[Ūrdhvamukhapaścimottānāsana]], transition to [[Nāvāsana]] and back.","[[Marīchyāsana]] and [[Supta Matsyendrāsana]], [[Baddhakoṇāsana B]], [[Apānāsana]], [[Śavāsana]]."
Upavishta Konasana A,उपविष्ठकोणासन A,Upaviṣṭhakoṇāsana A,Seated Wide-Angle Pose,Upaviṣṭha = seated; Koṇa = angle,yoga cikitsā,Baddhakoṇāsana B,Upaviṣṭhakoṇāsana A,x,x,x,Apertura,4,"Hip adductors and extensors, internal rotators of the leg, knee flexors, calves, back extensors, chest, elbow flexors.","[[Baddhakoṇāsana B]], [[Daṇḍāsana]], [[Paścimottānāsana A]], [[Prasāritapādottānāsana A]], [[Suptapādāṅguṣṭhāsana A]], [[Utthitatrikoṇāsana]].","Hip flexors, external rotators of the leg, knee extensors, foot dorsiflexors, transversus abdominis, back extensors, shoulder retractors and adductors.","[[Adhomukhaśvānāsana]], [[Agnistambhāsana]], [[Ardhottānāsana]], [[Baddhakoṇāsana B]], [[Bālāsana]], [[Bharmanāsana]], [[Daṇḍāsana]], [[Mālāsana]], [[Pādāṅguṣṭhāsana]], [[Paścimottānāsana A]], [[Prasāritapādottānāsana D]], [[Suptapādāṅguṣṭhāsana A]], [[Ekapādabakāsana A]], [[Utthitahastapādāṅguṣṭhāsana A]] , [[Utthitatrikoṇāsana]], [[Vīrabhadrāsana B]].","[[Kūrmāsana]], transition to [[Tiṭṭibhāsana A]] and [[Bhujapīḍāsana]], rock back to[[Suptakoṇāsana]], and up again.","[[Dhanurāsana]], [[Marīchyāsana C]], [[Vīrabhadrāsana A]], [[Gomukhāsana B]], [[Adhomukhaśvānāsana]], [[Bālāsana]]."
Upavishta Konasana B,उपविष्ठकोणासन B,Upaviṣṭhakoṇāsana B,Seated Wide-Angle Pose,Upaviṣṭha = seated; Koṇa = angle,yoga cikitsā,Upaviṣṭhakoṇāsana A,Upaviṣṭhakoṇāsana B,x,x,,,,,,,,,
Urdhva Mukha Paschimottanasana,ऊर्ध्वमुखपश्चिमोत्तानासन,Ūrdhvamukhapaścimottānāsana,Upward Facing Forward Bend,Ūrdhva = upward; Mukha = face; Paścima = west; Uttāna = intense stretch,yoga cikitsā,Ubhayapādāṅguṣṭhāsana,Ūrdhvamukhapaścimottānāsana,x,,,,"10,4","Hip extensors, back extensors, shoulder retractors, chest, shoulder elevators, knee flexors, foot dorsiflexors.","[[Adhomukhaśvānāsana]], [[Bharmanāsana]], [[Chaturāṅgadaṇḍāsana]], [[Daṇḍāsana]], [[Nāvāsana]], [[Pādahastāsana]], [[Pādāṅguṣṭhāsana]], [[Pārśvottānāsana]], [[Phalakāsana]], [[Prasāritapādottānāsana D]], [[Suptapādāṅguṣṭhāsana A]], [[Tāḍāsana]], [[Upaviṣṭhakoṇāsana A]], [[Uttānāsana]], [[Utthitahastapādāṅguṣṭhāsana A]] .","Hip flexors, adductors, internal rotators of the leg, knee extensors, calves, back extensors, abdominals, shoulder protractors and retractors, elbow extensors.","[[Adhomukhaśvānāsana]], [[Ardhottānāsana]], [[Bālāsana]], [[Daṇḍāsana]], [[Marīchyāsana A]], [[Nāvāsana]], [[Pādāṅguṣṭhāsana]], [[Pārśvottānāsana]], [[Prasāritapādottānāsana D]], [[Paścimottānāsana A]], [[Upaviṣṭhakoṇāsana A]], [[Utthitahastapādāṅguṣṭhāsana A]] .",Transition to [[Nāvāsana]] and back.,"[[Ūrdhvamukhaśvānāsana]], [[Adhomukhaśvānāsana]], [[Apānāsana]], [[Ānandabālāsana]], [[Supta Matsyendrāsana]]."
Utkatasana,उत्कटासन​,Utkaṭāsana,Chair Pose,Utkaṭa = powerful,yoga cikitsā,Ardhabaddhapadmottānāsana,Utkaṭāsana,x,,x,Despertar,9,"Calves, hip extensors, shoulder elevators, extensors, and retractors.","[[Adhomukhaśvānāsana]], [[Śalabhāsana B]], [[Tāḍāsana]], [[Vīrabhadrāsana A]].","Intrinsic foot muscles, knee flexors, hip flexors and extensors, back extensors, transversus abdominis, shoulder protractors and flexors, internal rotators of the arm, elbow extensors.","[[Adhomukhaśvānāsana]], [[Añjanēyāsana]], [[Ardhottānāsana]], [[Ālāsana]], [[Bharmanāsana]], [[Tāḍāsana]], [[Uttānāsana]].","[[Parivṛttotkaṭāsana]], Parivrtta [[Ālāsana]]; transition to sitting on the heels.","[[Uttānāsana]], [[Adhomukhaśvānāsana]], [[Bālāsana]]."
Utthita Hasta Padangusthasana A,उत्थितहस्तपादाङ्गुष्ठासन A,Utthitahastapādāṅguṣṭhāsana A,Extended Hand to Big Toe Pose,Utthita = extended; Hasta = hand; Pāda = foot; Aṅguṣṭha = big toe,yoga cikitsā,Pārśvottānāsana,Utthitahastapādāṅguṣṭhāsana A,x,,x,Equilibrio,,,,,,,
Utthita Hasta Padangusthasana B,उत्थितहस्तपादाङ्गुष्ठासन B,Utthitahastapādāṅguṣṭhāsana B,Extended Hand to Big Toe Pose,Utthita = extended; Hasta = hand; Pāda = foot; Aṅguṣṭha = big toe,yoga cikitsā,Utthitahastapādāṅguṣṭhāsana A,Utthitahastapādāṅguṣṭhāsana B,x,,,,"10,1","Standing leg: hip flexors. Gesture leg: hip adductors and extensors, internal rotators of the leg, shoulder retractors, chest, neck.","[[Suptapādāṅguṣṭhāsana A]], [[Tāḍāsana]], [[Utthitapārśvakoṇāsana]], [[Utthitatrikoṇāsana]], [[Vṛkṣāsana]].","Standing leg: intrinsic foot muscles. Hip stabilizers, (emphasis adductors, internal rotators of the leg). Extended leg: hip flexors. Knee extensors, back extensors, transversus abdominis, obliques. Hasta arm: shoulder retractors, protractors, elbow extensors.","[[Adhomukhaśvānāsana]], [[Añjanēyāsana]], [[Ardhottānāsana]], [[Ālāsana]], [[Garuḍāsana]], [[Pādāṅguṣṭhāsana]], [[Pārśvottānāsana]], [[Paścimottānāsana A]], [[Prasāritapādottānāsana D]], [[Suptapādāṅguṣṭhāsana A]], [[Tāḍāsana]], [[Ubhayapādāṅguṣṭhāsana]], [[Utkaṭāsana]], [[Vīrabhadrāsana C]].","Draw lifted leg higher without compromising alignment; release clasp of foot, hold lifted leg 5 breaths; Parvritta variation.","[[Tāḍāsana]], [[Garuḍāsana]], [[Vinyāsa]], [[Ūrdhvamukhaśvānāsana]], [[Adhomukhaśvānāsana]], [[Bālāsana]]."
Utthita Hasta Padangusthasana C,उत्थितहस्तपादाङ्गुष्ठासन  C,Utthitahastapādāṅguṣṭhāsana C,Extended Hand to Big Toe Pose,Utthita = extended; Hasta = hand; Pāda = foot; Aṅguṣṭha = big toe,yoga cikitsā,Utthitahastapādāṅguṣṭhāsana B,Utthitahastapādāṅguṣṭhāsana C,x,,,,,,,,,,
Virabhadrasana A,वीरभद्रासन अ,Vīrabhadrāsana A,Warrior I,Named after Virabhadra,yoga cikitsā,Utkaṭāsana,Vīrabhadrāsana A,x,,x,Despertar,5,"Foot dorsiflexors, knee extensors, hip abductors and flexors.","[[Apānāsana]], [[Baddhakoṇāsana B]], [[Bālāsana]], [[Gomukhāsana B]].","Hip flexors, internal rotators of the leg, knee flexors, transversus abdominis, shoulder retractors and protractors, elbow extensors.","[[Adhomukhaśvānāsana]], [[Añjanēyāsana]], [[Ardhottānāsana]], [[Ālāsana]], [[Bālāsana]], [[Bharadvājāsana]] and B, [[Bharmanāsana]], [[Garuḍāsana]], [[Utkaṭāsana]].","[[Vajrāsana A]], [[Bhekāsana]], [[Tryaṅgamukhaikapāda Paścimottānāsana]].","[[Phalakāsana]], [[Adhomukhaśvānāsana]]."
Virabhadrasana B,वीरभद्रासन ब्,Vīrabhadrāsana B,Warrior II,Named after Virabhadra,yoga cikitsā,Vīrabhadrāsana A,Vīrabhadrāsana B,x,,x,Vitalidad,5,"Front leg: hip extensors, adductors, and internal rotators. Back leg: calf, knee flexors, hip adductors. Shoulder elevators and retractors, chest.","[[Añjanēyāsana]], [[Ālāsana]], [[Baddhakoṇāsana B]], [[Suptapādāṅguṣṭhāsana A]], [[Tāḍāsana]], [[Utthitatrikoṇāsana]], [[Vṛkṣāsana]].","Intrinsic foot muscles. Front leg: hip stabilizers (emphasis extensors, adductors), external rotators of the leg, knee flexors. Back leg: hip extensors, knee extensors, foot dorsiflexors. Back extensors, transversus abdominis, obliques, shoulder abductors, retractors, and protractors, elbow extensors.","[[Adhomukhaśvānāsana]], [[Añjanēyāsana]], [[Ardhottānāsana]], [[Ālāsana]], [[Bharmanāsana]], [[Prasāritapādottānāsana D]], [[Tāḍāsana]], [[Vasiṣṭhāsana]].","Reverse Warrior, [[Utthitapārśvakoṇāsana]], [[Utthitatrikoṇāsana]], [[Ardhacandrāsana]], Svarga Dvijasana, Dancing Warrior series.","[[Vinyāsa]], [[Ūrdhvamukhaśvānāsana]], [[Adhomukhaśvānāsana]], [[Gomukhāsana B]], [[Paścimottānāsana A]], [[Bālāsana]]."
Padahastasana,पादहस्तासन​,Pādahastāsana,Hand to Foot Pose,Pāda = foot; Hasta = hand,ādhāra,Pādāṅguṣṭhāsana,Utthitatrikoṇāsana,x,,,,8,"Calves, knee flexors, hip extensors, back extensors, shoulder elevators, wrist extensors.",[[Pādāṅguṣṭhāsana]] and its Prep poses.,"Hip flexors, internal rotators of the leg, rotators, knee extensors, intrinsic foot muscles, transversus abdominis, back extensors, shoulder depressors.","[[Adhomukhaśvānāsana]], [[Ardhottānāsana]], [[Bharmanāsana]], [[Prasāritapādottānāsana D]], [[Suptapādāṅguṣṭhāsana A]], [[Uttānāsana]].","[[Pādāṅguṣṭhāsana]], [[Paścimottānāsana A]], [[Suptapādāṅguṣṭhāsana A]], [[Upaviṣṭhakoṇāsana A]], [[Utthitahastapādāṅguṣṭhāsana A]].","[[Tāḍāsana]], [[Adhomukhaśvānāsana]], [[Bālāsana]], [[Marīchyāsana]]."
Padangusthasana,पादाङ्गुष्ठासन​,Pādāṅguṣṭhāsana,Big Toe Pose,Pāda = foot; Aṅguṣṭha = big toe,ādhāra,Sūryanamaskāra B,Pādahastāsana,x,,x,Vitalidad,8,"Calves, knee flexors, hip extensors, back extensors, shoulder elevators.","[[Tāḍāsana]], [[Uttānāsana]].","Hip flexors, internal rotators of the leg, knee extensors, intrinsic foot muscles, transversus abdominis, back extensors, shoulder depressors.","[[Adhomukhaśvānāsana]], [[Ardhottānāsana]], [[Bharmanāsana]], [[Prasāritapādottānāsana D]], [[Suptapādāṅguṣṭhāsana A]], [[Uttānāsana]].","[[Pādahastāsana]], [[Paścimottānāsana A]], [[Suptapādāṅguṣṭhāsana A]], [[Upaviṣṭhakoṇāsana A]], [[Utthitahastapādāṅguṣṭhāsana A]].","[[Tāḍāsana]], [[Adhomukhaśvānāsana]], [[Bālāsana]], [[Marīchyāsana]]."
Parivritta Parshvakonasana,परिवृत्तपार्श्वकोणासन,Parivṛttapārśvakoṇāsana,Revolved Side Angle Pose,Parivṛtta = revolved; Pārśva = side; Koṇa = angle,ādhāra,Utthitapārśvakoṇāsana,Prasāritapādottānāsana A,x,,x,Vitalidad,5,"Front leg: calf, hip extensors, external rotators of the leg. Back leg: calf, knee flexors, hip flexors. Obliques, chest. Gesture arm: shoulder flexors. Grounded arm: shoulder elevators.","[[Añjanēyāsana]], [[Ālāsana]], [[Gomukhāsana B]], [[Parivṛttatrikoṇāsana]], [[Parivṛttotkaṭāsana]], [[Vīrabhadrāsana A]].","Intrinsic foot muscles. Front leg: hip stabilizers (emphasis flexors, adductors), knee flexors. Back leg: hip extensors, knee extensors, back extensors, transversus abdominis, obliques, shoulder retractors and protractors, neck.","[[Adhomukhaśvānāsana]], [[Añjanēyāsana]], [[Ardha Matsyendrāsana]], [[Ālāsana]], [[Marīchyāsana C]], [[Parivṛttahastapādāṅguṣṭhāsana]], [[Parivṛttotkaṭāsana]], [[Ekapādabakāsana A]], [[Vīrabhadrāsana A]] and [[Virabhadrāsana C]].","Transition to [[Kouṇḍinyāsana B]], hold five breaths, then [[Chaturāṅgadaṇḍāsana]]; [[Mṛgāsana]], [[Marīchyāsana C]].","[[Vinyāsa]], [[Ūrdhvamukhaśvānāsana]], [[Adhomukhaśvānāsana]], [[Bālāsana]], [[Baddhakoṇāsana B]]"
Parivritta Trikonasana,परिवृत्तत्रिकोणासन,Parivṛttatrikoṇāsana,Revolved Triangle Pose,Parivṛtta = revolved; Trikoṇa = triangle,ādhāra,Utthitatrikoṇāsana,Utthitapārśvakoṇāsana,x,,x,Conexion,8,"Front leg: calf, knee extensors, hip adductors and extensors, internal rotators of the leg. Back leg: calf, knee flexors, hip abductors and flexors, internal rotators of the leg. Obliques, chest, shoulder retractors and elevators, neck.","Parivrtta [[Ālāsana]], [[Parivṛttotkaṭāsana]], [[Pārśvottānāsana]], [[Prasāritapādottānāsana A]], [[Utthitatrikoṇāsana]].","Intrinsic foot muscles. Front leg: hip stabilizers (emphasis flexors, adductors), knee extensors. Back leg: hip extensors, knee extensors, back extensors, transversus abdominis, obliques, shoulder retractors and protractors, elbow extensors, neck.","[[Adhomukhaśvānāsana]], [[Ardhottānāsana]], [[Ālāsana]],[[Parivṛttārdhacandrāsana]], [[Parivṛttahastapādāṅguṣṭhāsana]], [[Parivṛttapārśvakoṇāsana]], [[Parivṛttotkaṭāsana]], [[Pārśvottānāsana]], [[Prasāritapādottānāsana A]].",Transition to[[Parivṛttārdhacandrāsana]].,"[[Tāḍāsana]], [[Uttānāsana]], [[Vinyāsa]], [[Adhomukhaśvānāsana]], [[Bālāsana]], [[Baddhakoṇāsana B]], [[Ardha Matsyendrāsana]], [[Marīchyāsana C]]."
Parsvottanasana,पार्श्वोत्तानासन​,Pārśvottānāsana,Pyramid Pose,Pārśva = side; Uttāna = intense stretch,ādhāra,Prasāritapādottānāsana D,- ,x,,x,Conexion,8,"Knee flexors, hip extensors, internal rotators of the leg, back extensors, chest, external rotators of the arm, shoulder flexors and elevators, wrist flexors.","[[Adhomukhaśvānāsana]], [[Ardhottānāsana]], [[Gomukhāsana B]], [[Prasāritapādottānāsana A]], [[Uttānāsana]], [[Utthitatrikoṇāsana]].","Intrinsic foot muscles. Front leg: hip stabilizers (emphasis flexors, adductors), knee extensors. Back leg: hip extensors, knee extensors, back extensors, abdominals, obliques, shoulder retractors and protractors, internal rotators of the arm, elbow flexors.","[[Adhomukhaśvānāsana]], [[Ardhottānāsana]], [[Ālāsana]],[[Parivṛttārdhacandrāsana]], [[Parivṛttapārśvakoṇāsana]], [[Paścimottānāsana A]], [[Prasāritapādottānāsana C]], [[Suptapādāṅguṣṭhāsana A]].","Transition to [[Parivṛttatrikoṇāsana]] and Prep poses for [[Hanumānāsana]], [[Vīrabhadrāsana A]] and [[Virabhadrāsana C]].","[[Tāḍāsana]], [[Bālāsana]], [[Apānāsana]], [[Baddhakoṇāsana B]], [[Suptapādāṅguṣṭhāsana A]]."
Prasarita Padottanasana A,प्रसारितपादोत्तानासन A,Prasāritapādottānāsana A,Wide-Legged Forward Bend A,Prasārita = spread out; Pāda = foot; Uttāna = intense stretch,ādhāra,Parivṛttapārśvakoṇāsana,Prasāritapādottānāsana B,x,,x,Conexion,8,"All variations: hip adductors and extensors, back extensors, shoulder elevators. C: shoulder flexors, elbow flexors.","[[Adhomukhaśvānāsana]], [[Baddhakoṇāsana B]], [[Suptapādāṅguṣṭhāsana A]], [[Uttānāsana]], [[Utthitatrikoṇāsana]].","Intrinsic foot muscles, knee extensors, hip stabilizers (emphasis flexors, adductors), transversus abdominis, back extensors, shoulder depressors. C: shoulder flexors.","[[Adhomukhaśvānāsana]], [[Añjanēyāsana]] [[Ardhottānāsana]], [[Ālāsana]], [[Baddhakoṇāsana B]], [[Daṇḍāsana]], [[Mālāsana]], [[Pārśvottānāsana]], [[Ekapādabakāsana A]], [[Uttānāsana]], [[Utthitapārśvakoṇāsana]], [[Utthitatrikoṇāsana]], [[Vīrabhadrāsana A]] and [[Virabhadrāsana B]].","[[Uttānāsana]], [[Śīrṣāsana]], transition to [[Śīrṣāsana B]] arm balance vinyasa, [[Upaviṣṭhakoṇāsana A]], [[Bakāsana B]].","[[Mālāsana]], [[Uttānāsana]], [[Adhomukhaśvānāsana]], [[Bālāsana]]."
Prasarita Padottanasana B,प्रसारितपादोत्तानासन B,Prasāritapādottānāsana B,Wide-Legged Forward Bend B,Prasārita = spread out; Pāda = foot; Uttāna = intense stretch,ādhāra,Prasāritapādottānāsana A,Prasāritapādottānāsana C,x,,,,8,"All variations: hip adductors and extensors, back extensors, shoulder elevators. C: shoulder flexors, elbow flexors.","[[Adhomukhaśvānāsana]], [[Baddhakoṇāsana B]], [[Suptapādāṅguṣṭhāsana A]], [[Uttānāsana]], [[Utthitatrikoṇāsana]].","Intrinsic foot muscles, knee extensors, hip stabilizers (emphasis flexors, adductors), transversus abdominis, back extensors, shoulder depressors. C: shoulder flexors.","[[Adhomukhaśvānāsana]], [[Añjanēyāsana]] [[Ardhottānāsana]], [[Ālāsana]], [[Baddhakoṇāsana B]], [[Daṇḍāsana]], [[Mālāsana]], [[Pārśvottānāsana]], [[Ekapādabakāsana A]], [[Uttānāsana]], [[Utthitapārśvakoṇāsana]], [[Utthitatrikoṇāsana]], [[Vīrabhadrāsana A]] and [[Virabhadrāsana B]].","[[Uttānāsana]], [[Upaviṣṭhakoṇāsana A]], [[Bakāsana B]].","[[Mālāsana]], [[Uttānāsana]], [[Adhomukhaśvānāsana]], [[Bālāsana]]."
Prasarita Padottanasana C,प्रसारितपादोत्तानासन C,Prasāritapādottānāsana C,Wide-Legged Forward Bend C,Prasārita = spread out; Pāda = foot; Uttāna = intense stretch,ādhāra,Prasāritapādottānāsana B,Prasāritapādottānāsana D,x,,,,8,"All variations: hip adductors and extensors, back extensors, shoulder elevators. C: shoulder flexors, elbow flexors.","[[Adhomukhaśvānāsana]], [[Baddhakoṇāsana B]], [[Suptapādāṅguṣṭhāsana A]], [[Uttānāsana]], [[Utthitatrikoṇāsana]].","intrinsic foot muscles, knee extensors, hip stabilizers (emphasis flexors, adductors), transversus abdominis, back extensors, shoulder depressors. C: shoulder flexors.","[[Adhomukhaśvānāsana]], [[Añjanēyāsana]] [[Ardhottānāsana]], [[Ālāsana]], [[Baddhakoṇāsana B]], [[Daṇḍāsana]], [[Mālāsana]], [[Pārśvottānāsana]], [[Ekapādabakāsana A]], [[Uttānāsana]], [[Utthitapārśvakoṇāsana]], [[Utthitatrikoṇāsana]], [[Vīrabhadrāsana A]] and [[Virabhadrāsana B]].","[[Bakāsana B]], [[Pūrvottānāsana]], [[Ūrdhva Dhanurāsana]], [[Sarvāṅgāsana]].","[[Mālāsana]], [[Garuḍāsana]], [[Uttānāsana]], [[Adhomukhaśvānāsana]], [[Bālāsana]]."
Prasarita Padottanasana D,प्रसारितपादोत्तानासन D,Prasāritapādottānāsana D,Wide-Legged Forward Bend D,Prasārita = spread out; Pāda = foot; Uttāna = intense stretch,ādhāra,Prasāritapādottānāsana C,Pārśvottānāsana,x,,,,8,"All variations: hip adductors and extensors, back extensors, shoulder elevators. C: shoulder flexors, elbow flexors.","[[Adhomukhaśvānāsana]], [[Baddhakoṇāsana B]], [[Suptapādāṅguṣṭhāsana A]], [[Uttānāsana]], [[Utthitatrikoṇāsana]].","Intrinsic foot muscles, knee extensors, hip stabilizers (emphasis flexors, adductors), transversus abdominis, back extensors, shoulder depressors. C: shoulder flexors.","[[Adhomukhaśvānāsana]], [[Añjanēyāsana]] [[Ardhottānāsana]], [[Ālāsana]], [[Baddhakoṇāsana B]], [[Daṇḍāsana]], [[Mālāsana]], [[Pādahastāsana]], [[Pādāṅguṣṭhāsana]], [[Pārśvottānāsana]], [[Ekapādabakāsana A]], [[Uttānāsana]], [[Utthitapārśvakoṇāsana]], [[Utthitatrikoṇāsana]], [[Vīrabhadrāsana A]] and [[Virabhadrāsana B]].","[[Bakāsana B]], [[Uttānāsana]], [[Upaviṣṭhakoṇāsana A]].","[[Mālāsana]], [[Uttānāsana]], [[Adhomukhaśvānāsana]], [[Bālāsana]]."
Samasthiti,समस्थिति,Samasthiti,Equal Standing Pose,Sama = equal; Sthiti = standing/balance,ādhāra,-,Sūryanamaskāra A,x,,x,Integracion,8,"Chest, shoulder elevators, mind.",[[Tāḍāsana]].,"Intrinsic foot muscles, knee extensors, hip synergists, transversus abdominis, back extensors, shoulder depressors, neck.","[[Bharmanāsana]], [[Tāḍāsana]].","Standing poses, [[Utkaṭāsana]], [[Vṛkṣāsana]].","[[Uttānāsana]], [[Ardhottānāsana]], [[Adhomukhaśvānāsana]], [[Bālāsana]]."
Surya Namaskara A,सूर्यनमस्कार A,Sūryanamaskāra A,Sun Salutation A,Sūrya = sun; Namaskāra = salutation,ādhāra,Samasthiti,Sūryanamaskāra B,x,,,,,,,,,,
Surya Namaskara B,सूर्यनमस्कार B,Sūryanamaskāra B,Sun Salutation B,Sūrya = sun; Namaskāra = salutation,ādhāra,Sūryanamaskāra A,Pādāṅguṣṭhāsana,x,,,,,,,,,,
Utthita Parshvakonasana,उत्थितपार्श्वकोणासन,Utthitapārśvakoṇāsana,Extended Side Angle Pose,Utthita = extended; Pārśva = side; Koṇa = angle,ādhāra,Parivṛttatrikoṇāsana,Parivṛttapārśvakoṇāsana,x,,x,Vitalidad,5,"Front leg: hip extensors and adductors, internal rotators of the leg. Back leg: knee flexors, hip flexors. Grounded elbow: flexors. Gesture elbow: flexors, shoulder extensors. Abdominals, chest, shoulder elevators.","[[Mālāsana]], [[Suptapādāṅguṣṭhāsana A]], [[Tāḍāsana]], [[Tāḍāsana]], [[Utthitatrikoṇāsana]], [[Vṛkṣāsana]].","Intrinsic foot muscles. Front leg: hip stabilizers (emphasis flexors, adductors), external rotators of the leg, knee flexors. Back leg: hip extensors, knee extensors, back extensors, transversus abdominis, obliques, shoulder retractors and protractors. Top arm: external rotators. Bottom arm: wrist synergists. Elbow extensors, neck.","[[Adhomukhaśvānāsana]], [[Añjanēyāsana]], [[Ardhottānāsana]], [[Ālāsana]], [[Pārśvottānāsana]], [[Prasāritapādottānāsana B]], [[Śalabhāsana B]], [[Vīrabhadrāsana A]] and [[Virabhadrāsana B]].","Wrap upper arm behind and lower arm under front leg, clasp wrist of upper arm, transition to [[Kouṇḍinyāsana A]] A or Svarga Dvijasana.","[[Vinyāsa]], [[Ūrdhvamukhaśvānāsana]], [[Adhomukhaśvānāsana]], [[Prasāritapādottānāsana C]], [[Apānāsana]], [[Bālāsana]]."
Utthita Trikonasana,उत्थितत्रिकोणासन,Utthitatrikoṇāsana,Extended Triangle Pose,Utthita = extended; Trikoṇa = triangle,ādhāra,Pādahastāsana,Parivṛttatrikoṇāsana,x,,x,Conexion,8,"Front leg: hip adductors and extensors, internal rotators of the leg, knee flexors. Back leg: hip flexors, knee flexors. Obliques, chest, shoulder elevators and retractors, neck.","[[Adhomukhaśvānāsana]], [[Suptapādāṅguṣṭhāsana A]], [[Tāḍāsana]], [[Vīrabhadrāsana B]], [[Vṛkṣāsana]].","Intrinsic foot muscles. Front leg: hip stabilizers (emphasis flexors, adductors), external rotators of the leg. Back leg: hip extensors. Knee extensors, back extensors, transversus abdominis, obliques, shoulder abductors, retractors, and protractors, elbow extensors, neck.","[[Adhomukhaśvānāsana]], [[Ardhottānāsana]], [[Ālāsana]], [[Bharmanāsana]], [[Prasāritapādottānāsana B]] and [[Prasāritapādottānāsana D]], [[Utthitapārśvakoṇāsana]], [[Vasiṣṭhāsana]], [[Vīrabhadrāsana A]] and [[Virabhadrāsana B]].","Transition to [[Ardhacandrāsana]], keeping alignment of standing foot and hip.","[[Tāḍāsana]], [[Adhomukhaśvānāsana]], [[Garuḍāsana]], [[Gomukhāsana B]], [[Bālāsana]]."
